H3_Hex_ID,Population_2018,Terminals_In_Hex,Has_Terminal
883e604801fffff,1889,0,False
883e604805fffff,1889,0,False
883e604807fffff,1889,0,False
883e604809fffff,1793,0,False
883e60480bfffff,1323,0,False
883e60480dfffff,1889,0,False
883e604821fffff,1889,1,True
883e604823fffff,1636,0,False
883e604825fffff,1889,1,True
883e604827fffff,1889,0,False
883e604829fffff,1889,0,False
883e60482bfffff,1889,0,False
883e60482dfffff,1889,0,False
883e604845fffff,1890,0,False
883e604847fffff,1889,2,True
883e60484dfffff,909,0,False
883e604861fffff,1889,0,False
883e604863fffff,1889,0,False
883e604865fffff,1889,0,False
883e604867fffff,1889,0,False
883e604869fffff,1660,0,False
883e60486bfffff,1889,0,False
883e60486dfffff,1320,0,False
883e604901fffff,996,0,False
883e604903fffff,1889,0,False
883e604907fffff,1184,0,False
883e60490bfffff,1889,0,False
883e604911fffff,1889,0,False
883e604913fffff,1889,0,False
883e604915fffff,1889,0,False
883e604917fffff,1889,0,False
883e604919fffff,1889,0,False
883e60491bfffff,1889,0,False
883e60491dfffff,1889,0,False
883e604931fffff,1889,0,False
883e604933fffff,1889,0,False
883e604935fffff,2524,0,False
883e604937fffff,1889,0,False
883e604939fffff,1889,0,False
883e60493bfffff,1889,0,False
883e60493dfffff,1371,0,False
883e604943fffff,1819,0,False
883e604951fffff,1889,0,False
883e604953fffff,1889,0,False
883e604955fffff,1889,0,False
883e604957fffff,1889,0,False
883e604959fffff,1889,0,False
883e60495bfffff,1889,0,False
883e60495dfffff,1889,0,False
883e604961fffff,108,0,False
883e604969fffff,533,0,False
883e60496dfffff,140,0,False
883e6049a9fffff,1343,0,False
883e6049adfffff,1888,0,False
883e6049c5fffff,1888,0,False
883e6049c9fffff,1163,0,False
883e6049cdfffff,1889,0,False
883e6049e1fffff,1888,0,False
883e6049e3fffff,1696,0,False
883e6049e5fffff,1888,0,False
883e6049e7fffff,1888,0,False
883e6049e9fffff,1888,0,False
883e6049ebfffff,1881,0,False
883e6049edfffff,1888,0,False
883e604b21fffff,2191,0,False
883e604b2dfffff,2192,0,False
883e604b33fffff,953,0,False
883e604b65fffff,2192,0,False
883e604d23fffff,1434,0,False
883e604d25fffff,1157,0,False
883e604d27fffff,1435,0,False
883e604d35fffff,1435,0,False
883e604d37fffff,1301,0,False
883e604d3dfffff,694,0,False
883e604d83fffff,535,0,False
883e604d87fffff,385,0,False
883e604db1fffff,515,0,False
883e604db3fffff,562,0,False
883e604db5fffff,120,0,False
883e604db7fffff,764,0,False
883e604dbdfffff,288,0,False
883e620213fffff,2083,0,False
883e620217fffff,3353,0,False
883e62021bfffff,3663,0,False
883e620281fffff,2635,0,False
883e620283fffff,2536,0,False
883e620287fffff,2655,0,False
883e620289fffff,4871,0,False
883e62028bfffff,2706,0,False
883e620291fffff,2535,0,False
883e620295fffff,2535,0,False
883e620299fffff,2075,0,False
883e62029dfffff,2538,0,False
883e6202b9fffff,2230,0,False
883e6202bbfffff,2275,0,False
883e6202c1fffff,6294,0,False
883e6202c7fffff,5613,0,False
883e6202cbfffff,6513,0,False
883e6202d1fffff,2317,0,False
883e6202d5fffff,3297,0,False
883e6202d7fffff,2983,0,False
883e6202dbfffff,2189,0,False
883e6202ebfffff,5112,0,False
883e6202edfffff,3390,1,True
883e62108bfffff,2444,0,False
883e6210c3fffff,2343,0,False
883e6210d5fffff,2435,0,False
883e6210d9fffff,3310,1,True
883e6210dbfffff,4695,0,False
883e6210ddfffff,2435,1,True
883e62121bfffff,1040,0,False
883e621253fffff,2561,0,False
883e621259fffff,2487,0,False
883e62125bfffff,2596,0,False
883e62125dfffff,2487,0,False
883e621293fffff,7065,0,False
883e621297fffff,5128,0,False
883e62129bfffff,12233,0,False
883e6212b7fffff,2435,0,False
883e621345fffff,246,0,False
883e62134dfffff,246,0,False
883e621361fffff,246,0,False
883e621363fffff,160,0,False
883e621369fffff,246,1,True
883e62136bfffff,246,0,False
883e62136dfffff,246,0,False
883e621401fffff,13432,0,False
883e621403fffff,2568,0,False
883e621405fffff,7532,0,False
883e621407fffff,11781,0,False
883e621409fffff,13433,0,False
883e62140bfffff,6427,0,False
883e62140dfffff,20025,0,False
883e621411fffff,1641,1,True
883e621413fffff,1646,0,False
883e621415fffff,1427,0,False
883e621417fffff,1646,0,False
883e621419fffff,873,0,False
883e62141bfffff,1449,0,False
883e62141dfffff,870,0,False
883e621429fffff,1445,0,False
883e62142bfffff,1445,0,False
883e62142dfffff,1494,0,False
883e621439fffff,1588,1,True
883e62143bfffff,1640,0,False
883e62143dfffff,2105,0,False
883e621441fffff,7041,0,False
883e621445fffff,14656,3,True
883e621447fffff,13482,0,False
883e621449fffff,3292,0,False
883e62144dfffff,3292,0,False
883e621451fffff,2232,0,False
883e621453fffff,774,0,False
883e621457fffff,774,0,False
883e621459fffff,2390,0,False
883e62145bfffff,774,0,False
883e621461fffff,9921,0,False
883e621463fffff,1724,0,False
883e621465fffff,5197,0,False
883e621467fffff,1446,0,False
883e621469fffff,33551,0,False
883e62146bfffff,18488,0,False
883e62146dfffff,29154,0,False
883e6214edfffff,1646,1,True
883e621503fffff,9089,0,False
883e621505fffff,3110,0,False
883e62150bfffff,5953,0,False
883e621511fffff,4953,0,False
883e621513fffff,3638,0,False
883e621515fffff,7940,0,False
883e621517fffff,1444,0,False
883e621519fffff,4719,0,False
883e62151bfffff,4286,0,False
883e62151dfffff,7531,0,False
883e621521fffff,8525,0,False
883e621523fffff,9625,0,False
883e621525fffff,12151,0,False
883e621527fffff,7312,0,False
883e621529fffff,3044,0,False
883e62152bfffff,5430,0,False
883e62152dfffff,6811,0,False
883e621531fffff,915,0,False
883e621535fffff,4907,0,False
883e621537fffff,1508,0,False
883e621539fffff,6066,1,True
883e62153bfffff,4042,1,True
883e621549fffff,3595,0,False
883e62154bfffff,3498,0,False
883e621551fffff,4287,0,False
883e621553fffff,4141,0,False
883e621557fffff,4287,0,False
883e621559fffff,4287,0,False
883e62155bfffff,2524,0,False
883e62155dfffff,4129,0,False
883e621563fffff,3268,0,False
883e6215c5fffff,2350,0,False
883e6215c7fffff,881,0,False
883e6215cdfffff,4285,0,False
883e6215e1fffff,881,0,False
883e6215e3fffff,839,0,False
883e6215e5fffff,881,0,False
883e6215e7fffff,964,0,False
883e6215edfffff,881,0,False
883e621625fffff,3274,0,False
883e621627fffff,3292,0,False
883e62162dfffff,3178,0,False
883e621665fffff,6854,0,False
883e621667fffff,2847,0,False
883e62166dfffff,13667,0,False
883e6216a5fffff,773,0,False
883e621701fffff,5708,0,False
883e621705fffff,5590,0,False
883e621707fffff,5590,0,False
883e62170bfffff,9281,0,False
883e621711fffff,18617,0,False
883e621713fffff,13509,0,False
883e621715fffff,9335,0,False
883e621717fffff,27980,0,False
883e621719fffff,5083,0,False
883e62171bfffff,3292,1,True
883e62171dfffff,9336,0,False
883e621729fffff,5590,0,False
883e62172bfffff,5590,1,True
883e62172dfffff,4975,0,False
883e621733fffff,8862,0,False
883e621735fffff,4343,0,False
883e62173bfffff,9335,0,False
883e62173dfffff,5589,0,False
883e621741fffff,9628,0,False
883e621749fffff,12232,1,True
883e62174dfffff,11076,0,False
883e621751fffff,13914,0,False
883e621753fffff,3179,0,False
883e621755fffff,10144,0,False
883e621757fffff,8652,0,False
883e621759fffff,23062,1,True
883e62175bfffff,3392,0,False
883e62175dfffff,23595,0,False
883e621761fffff,4768,0,False
883e621767fffff,4756,0,False
883e621769fffff,4806,0,False
883e628003fffff,9296,0,False
883e628009fffff,5009,0,False
883e62800bfffff,5912,0,False
883e628011fffff,9295,0,False
883e628013fffff,18567,0,False
883e628015fffff,8465,1,True
883e628019fffff,8780,0,False
883e62801bfffff,21124,0,False
883e62801dfffff,8886,1,True
883e628029fffff,8188,0,False
883e62802bfffff,4674,0,False
883e628031fffff,7324,0,False
883e628033fffff,8980,0,False
883e628035fffff,7337,1,True
883e628037fffff,11809,2,True
883e62803dfffff,5065,0,False
883e628041fffff,5883,0,False
883e628043fffff,5009,0,False
883e628047fffff,5009,0,False
883e628049fffff,8100,0,False
883e62804dfffff,6434,0,False
883e628053fffff,3450,0,False
883e628055fffff,5010,0,False
883e628059fffff,5919,0,False
883e62805bfffff,5820,0,False
883e628065fffff,1201,0,False
883e628067fffff,9910,0,False
883e628081fffff,46525,0,False
883e628083fffff,29221,0,False
883e628085fffff,26722,1,True
883e628087fffff,45273,0,False
883e628089fffff,49431,1,True
883e62808bfffff,40339,0,False
883e62808dfffff,43444,2,True
883e628091fffff,36520,1,True
883e628093fffff,26052,0,False
883e628095fffff,43613,1,True
883e628097fffff,70853,0,False
883e628099fffff,41434,0,False
883e62809bfffff,67107,0,False
883e62809dfffff,14629,0,False
883e6280a1fffff,40897,1,True
883e6280a3fffff,58647,0,False
883e6280a5fffff,26706,0,False
883e6280a7fffff,45906,0,False
883e6280a9fffff,28240,1,True
883e6280abfffff,50689,1,True
883e6280b1fffff,71616,1,True
883e6280b3fffff,66087,0,False
883e6280b5fffff,46480,0,False
883e6280b7fffff,55948,0,False
883e6280b9fffff,71564,0,False
883e6280bbfffff,89153,0,False
883e6280bdfffff,58484,1,True
883e6280c1fffff,55862,1,True
883e6280c3fffff,54808,0,False
883e6280c5fffff,46972,0,False
883e6280c7fffff,56480,0,False
883e6280c9fffff,45074,1,True
883e6280cbfffff,52629,0,False
883e6280cdfffff,43700,0,False
883e6280d1fffff,40042,0,False
883e6280d3fffff,18816,1,True
883e6280d5fffff,40760,0,False
883e6280d7fffff,19225,0,False
883e6280d9fffff,40763,1,True
883e6280dbfffff,29250,0,False
883e6280ddfffff,42989,2,True
883e6280e1fffff,4745,0,False
883e6280e7fffff,5645,0,False
883e6280ebfffff,21897,1,True
883e628109fffff,4931,0,False
883e62811bfffff,5377,0,False
883e628121fffff,2681,0,False
883e628123fffff,3399,0,False
883e628125fffff,2617,0,False
883e628133fffff,6316,0,False
883e628137fffff,5240,0,False
883e628143fffff,6187,1,True
883e628147fffff,5158,0,False
883e62814bfffff,6198,0,False
883e628151fffff,3624,0,False
883e628155fffff,9892,0,False
883e62815dfffff,6198,0,False
883e628181fffff,53159,1,True
883e628183fffff,59539,0,False
883e628185fffff,52951,0,False
883e628187fffff,31327,1,True
883e628189fffff,51199,0,False
883e62818bfffff,63097,1,True
883e62818dfffff,44361,2,True
883e628193fffff,46472,1,True
883e628197fffff,6781,0,False
883e628199fffff,30095,0,False
883e62819bfffff,39632,1,True
883e62819dfffff,31676,1,True
883e6281a1fffff,67119,0,False
883e6281a3fffff,37489,1,True
883e6281a5fffff,37294,0,False
883e6281a7fffff,58615,0,False
883e6281a9fffff,53158,0,False
883e6281abfffff,40033,1,True
883e6281adfffff,39462,1,True
883e6281b1fffff,15606,0,False
883e6281b3fffff,4273,0,False
883e6281b5fffff,11251,0,False
883e6281b7fffff,12844,0,False
883e6281b9fffff,22315,1,True
883e6281bbfffff,10001,0,False
883e6281bdfffff,16201,0,False
883e6281c3fffff,51295,1,True
883e6281c5fffff,29705,0,False
883e6281c7fffff,35143,0,False
883e6281cbfffff,40095,0,False
883e6281d1fffff,51263,1,True
883e6281d3fffff,50994,0,False
883e6281d5fffff,51411,0,False
883e6281d7fffff,51255,2,True
883e6281d9fffff,49548,0,False
883e6281ddfffff,51295,0,False
883e6281e1fffff,27549,0,False
883e6281e3fffff,45874,0,False
883e6281e5fffff,7161,1,True
883e6281e7fffff,31463,0,False
883e6281ebfffff,29702,1,True
883e628201fffff,4309,0,False
883e628211fffff,3277,0,False
883e628221fffff,4000,0,False
883e628223fffff,6138,0,False
883e628227fffff,8101,0,False
883e62822dfffff,3421,0,False
883e628231fffff,5920,1,True
883e628233fffff,5919,1,True
883e628239fffff,5920,0,False
883e62823bfffff,5920,0,False
883e628253fffff,3901,0,False
883e628257fffff,3902,0,False
883e628281fffff,5314,0,False
883e62828bfffff,5315,0,False
883e628291fffff,5427,0,False
883e628293fffff,5427,0,False
883e628297fffff,11247,0,False
883e62829bfffff,5521,0,False
883e6282a1fffff,10311,0,False
883e6282a3fffff,13992,0,False
883e6282a5fffff,7539,2,True
883e6282a7fffff,25962,0,False
883e6282a9fffff,10530,0,False
883e6282abfffff,3448,0,False
883e6282adfffff,7286,0,False
883e6282b3fffff,40766,1,True
883e6282b5fffff,41194,0,False
883e6282b7fffff,45400,0,False
883e6282cbfffff,3505,0,False
883e6282e1fffff,5919,0,False
883e6282e3fffff,6143,0,False
883e6282e5fffff,5919,0,False
883e6282e7fffff,6247,0,False
883e6282e9fffff,5834,0,False
883e6282edfffff,5919,0,False
883e628331fffff,7391,0,False
883e628335fffff,7232,0,False
883e628339fffff,5670,0,False
883e62833bfffff,5093,0,False
883e62833dfffff,7731,0,False
883e628351fffff,5727,0,False
883e628359fffff,4259,0,False
883e62835dfffff,5737,0,False
883e628401fffff,969,0,False
883e628403fffff,969,1,True
883e628405fffff,988,0,False
883e628407fffff,969,0,False
883e628409fffff,7342,0,False
883e62840bfffff,969,0,False
883e62840dfffff,6522,0,False
883e628411fffff,969,0,False
883e628413fffff,969,0,False
883e628415fffff,969,0,False
883e628417fffff,969,0,False
883e628419fffff,969,0,False
883e62841bfffff,969,0,False
883e62841dfffff,969,0,False
883e628421fffff,978,0,False
883e628423fffff,969,0,False
883e628425fffff,969,0,False
883e628427fffff,969,1,True
883e628429fffff,5759,0,False
883e62842bfffff,969,0,False
883e62842dfffff,8696,0,False
883e628431fffff,969,0,False
883e628439fffff,969,0,False
883e62843bfffff,969,0,False
883e62843dfffff,969,1,True
883e628441fffff,20640,0,False
883e628443fffff,19968,0,False
883e628445fffff,20433,0,False
883e628447fffff,19470,0,False
883e628449fffff,26134,0,False
883e62844bfffff,20571,0,False
883e62844dfffff,25217,0,False
883e628451fffff,11691,1,True
883e628453fffff,2129,0,False
883e628455fffff,7545,0,False
883e628457fffff,969,0,False
883e628459fffff,19968,0,False
883e62845bfffff,17352,0,False
883e62845dfffff,19968,0,False
883e628461fffff,27503,1,True
883e628463fffff,7694,0,False
883e628465fffff,12068,0,False
883e628467fffff,10423,0,False
883e628469fffff,49327,0,False
883e62846bfffff,18047,0,False
883e62846dfffff,80854,0,False
883e6284a3fffff,199,0,False
883e6284a7fffff,199,0,False
883e6284adfffff,4099,0,False
883e6284b5fffff,2041,0,False
883e6284b7fffff,2242,0,False
883e6284c7fffff,969,0,False
883e6284c9fffff,969,0,False
883e6284cbfffff,969,0,False
883e628501fffff,8645,0,False
883e628503fffff,8488,0,False
883e628505fffff,11165,0,False
883e628507fffff,8681,1,True
883e628509fffff,15992,1,True
883e62850bfffff,10300,0,False
883e62850dfffff,10322,1,True
883e628511fffff,6713,1,True
883e628513fffff,3902,0,False
883e628515fffff,6138,0,False
883e628517fffff,5554,0,False
883e628519fffff,1568,1,True
883e62851bfffff,969,0,False
883e62851dfffff,9790,0,False
883e628521fffff,4424,0,False
883e628523fffff,1893,0,False
883e628525fffff,3835,0,False
883e628527fffff,720,0,False
883e628529fffff,9648,0,False
883e62852bfffff,12369,0,False
883e62852dfffff,4253,0,False
883e628531fffff,15912,1,True
883e628533fffff,22131,0,False
883e628535fffff,10143,0,False
883e628537fffff,16204,0,False
883e628539fffff,8007,1,True
883e62853bfffff,11839,2,True
883e62853dfffff,9995,1,True
883e628541fffff,47457,1,True
883e628543fffff,29856,0,False
883e628545fffff,35717,0,False
883e628547fffff,26851,0,False
883e628549fffff,49106,0,False
883e62854bfffff,15014,0,False
883e62854dfffff,41610,1,True
883e628551fffff,15272,0,False
883e628553fffff,10360,0,False
883e628555fffff,21110,0,False
883e628557fffff,13723,0,False
883e628559fffff,16323,1,True
883e62855bfffff,10423,1,True
883e62855dfffff,16960,0,False
883e628561fffff,16684,0,False
883e628563fffff,12971,0,False
883e628565fffff,37617,1,True
883e628567fffff,7339,0,False
883e628569fffff,16198,0,False
883e62856bfffff,18491,1,True
883e62856dfffff,63465,1,True
883e628583fffff,10401,0,False
883e628585fffff,7563,0,False
883e628587fffff,7195,0,False
883e62858dfffff,10586,1,True
883e628591fffff,1559,0,False
883e628593fffff,199,0,False
883e628597fffff,199,0,False
883e62859bfffff,200,0,False
883e6285a1fffff,2779,1,True
883e6285a7fffff,3994,0,False
883e6285a9fffff,6058,0,False
883e6285abfffff,5982,1,True
883e6285adfffff,2997,0,False
883e6285b1fffff,4673,0,False
883e6285b3fffff,2112,0,False
883e6285b7fffff,4035,0,False
883e6285b9fffff,5873,0,False
883e6285bbfffff,199,0,False
883e6285bdfffff,6112,0,False
883e6285c1fffff,2618,1,True
883e6285c3fffff,8540,0,False
883e6285c5fffff,8039,0,False
883e6285c7fffff,10425,1,True
883e6285c9fffff,969,0,False
883e6285cbfffff,969,0,False
883e6285cdfffff,969,0,False
883e6285d1fffff,8337,0,False
883e6285d9fffff,969,0,False
883e6285dbfffff,1795,0,False
883e6285ddfffff,2924,0,False
883e6285e1fffff,11355,0,False
883e6285e3fffff,10234,0,False
883e6285e5fffff,19298,0,False
883e6285e7fffff,8971,0,False
883e6285e9fffff,8927,0,False
883e6285ebfffff,10624,1,True
883e6285edfffff,19330,0,False
883e628601fffff,5921,0,False
883e628603fffff,5940,0,False
883e628605fffff,8135,0,False
883e628607fffff,7819,0,False
883e628609fffff,3225,0,False
883e62860bfffff,5061,0,False
883e62860dfffff,5921,0,False
883e628611fffff,15107,0,False
883e628613fffff,18382,1,True
883e628615fffff,7088,0,False
883e628617fffff,17982,0,False
883e62861bfffff,14912,0,False
883e62861dfffff,5882,0,False
883e628621fffff,15658,0,False
883e628623fffff,12868,0,False
883e628625fffff,45208,1,True
883e628627fffff,19164,0,False
883e628629fffff,12356,0,False
883e62862bfffff,13004,0,False
883e62862dfffff,10120,0,False
883e628631fffff,9769,0,False
883e628633fffff,19195,0,False
883e628635fffff,11925,0,False
883e628637fffff,19472,0,False
883e628639fffff,8011,0,False
883e62863bfffff,14758,0,False
883e62863dfffff,8294,1,True
883e628641fffff,9073,0,False
883e628643fffff,140,0,False
883e628645fffff,8595,0,False
883e628647fffff,3286,0,False
883e628649fffff,17062,0,False
883e62864bfffff,3420,0,False
883e62864dfffff,7713,0,False
883e628655fffff,140,0,False
883e628657fffff,454,0,False
883e628661fffff,12796,0,False
883e628663fffff,9916,0,False
883e628667fffff,13096,0,False
883e628669fffff,9704,0,False
883e62866bfffff,7687,0,False
883e62866dfffff,14198,0,False
883e628681fffff,5050,0,False
883e628685fffff,7843,0,False
883e628689fffff,8675,1,True
883e62868bfffff,4992,0,False
883e62868dfffff,10679,0,False
883e62869dfffff,1528,0,False
883e6286a1fffff,4658,0,False
883e6286a3fffff,748,0,False
883e6286a5fffff,969,0,False
883e6286a9fffff,10592,0,False
883e6286adfffff,7780,0,False
883e6286b5fffff,788,0,False
883e6286c3fffff,25579,0,False
883e6286c5fffff,17644,0,False
883e6286c7fffff,11813,0,False
883e6286cbfffff,11623,0,False
883e6286cdfffff,18231,1,True
883e6286d1fffff,1888,0,False
883e6286d3fffff,1660,0,False
883e6286d5fffff,8612,0,False
883e6286d9fffff,1888,0,False
883e6286dbfffff,1888,0,False
883e6286ddfffff,9227,0,False
883e6286e1fffff,18865,0,False
883e6286e3fffff,15678,0,False
883e6286e5fffff,19338,1,True
883e6286e7fffff,19049,0,False
883e6286e9fffff,18581,0,False
883e6286ebfffff,13106,0,False
883e6286edfffff,18335,0,False
883e628701fffff,53686,0,False
883e628703fffff,72912,1,True
883e628705fffff,38205,0,False
883e628707fffff,76579,0,False
883e628709fffff,51306,1,True
883e62870bfffff,59077,0,False
883e62870dfffff,51306,0,False
883e628711fffff,51645,0,False
883e628713fffff,34658,1,True
883e628715fffff,58793,1,True
883e628717fffff,68141,2,True
883e628719fffff,51387,0,False
883e62871bfffff,36868,0,False
883e62871dfffff,58167,1,True
883e628721fffff,28896,1,True
883e628723fffff,76723,1,True
883e628725fffff,66989,1,True
883e628727fffff,92170,0,False
883e628729fffff,21036,0,False
883e62872bfffff,77745,1,True
883e62872dfffff,14047,0,False
883e628731fffff,71868,0,False
883e628733fffff,75685,0,False
883e628735fffff,58111,0,False
883e628737fffff,57013,1,True
883e628739fffff,60950,2,True
883e62873bfffff,82820,2,True
883e62873dfffff,73740,2,True
883e628741fffff,33197,0,False
883e628743fffff,51317,0,False
883e628745fffff,7733,1,True
883e628747fffff,51311,0,False
883e628749fffff,5484,0,False
883e62874bfffff,36988,0,False
883e62874dfffff,5602,0,False
883e628751fffff,23950,0,False
883e628753fffff,21509,0,False
883e628755fffff,51344,0,False
883e628757fffff,50933,1,True
883e62875bfffff,8886,0,False
883e62875dfffff,21934,0,False
883e628761fffff,19260,0,False
883e628763fffff,30323,0,False
883e628765fffff,36838,0,False
883e628767fffff,14012,0,False
883e628769fffff,26973,0,False
883e62876bfffff,33446,1,True
883e62876dfffff,40762,0,False
883e628813fffff,7890,0,False
883e628819fffff,7470,0,False
883e62881bfffff,6763,0,False
883e628831fffff,0,0,False
883e628833fffff,0,0,False
883e628837fffff,0,0,False
883e62883bfffff,0,0,False
883e628851fffff,4594,0,False
883e628853fffff,7977,0,False
883e628859fffff,3120,0,False
883e62885bfffff,7978,0,False
883e628881fffff,15724,1,True
883e628883fffff,13911,0,False
883e628887fffff,15657,0,False
883e628889fffff,21491,2,True
883e62888bfffff,24326,1,True
883e62888dfffff,14805,0,False
883e628891fffff,18087,0,False
883e628893fffff,14949,0,False
883e628895fffff,13189,0,False
883e628897fffff,4671,0,False
883e628899fffff,46396,0,False
883e62889bfffff,22871,0,False
883e62889dfffff,23728,1,True
883e6288b1fffff,9116,0,False
883e6288b3fffff,2631,0,False
883e6288b7fffff,2487,0,False
883e6288b9fffff,13907,0,False
883e6288bbfffff,6970,0,False
883e6288bdfffff,15968,0,False
883e6288c1fffff,29317,0,False
883e6288c3fffff,37506,1,True
883e6288c5fffff,25268,0,False
883e6288c7fffff,27066,2,True
883e6288c9fffff,19860,1,True
883e6288cbfffff,44862,0,False
883e6288cdfffff,4951,0,False
883e6288d1fffff,35145,1,True
883e6288d3fffff,64495,0,False
883e6288d5fffff,32100,1,True
883e6288d7fffff,30489,0,False
883e6288d9fffff,44970,0,False
883e6288dbfffff,38631,0,False
883e6288ddfffff,44970,0,False
883e6288e1fffff,7350,0,False
883e6288e5fffff,0,1,True
883e6288ebfffff,20920,1,True
883e628901fffff,133,0,False
883e628903fffff,155,0,False
883e628905fffff,246,0,False
883e628907fffff,246,0,False
883e628909fffff,89,0,False
883e62890bfffff,89,0,False
883e62890dfffff,112,0,False
883e628911fffff,89,0,False
883e628913fffff,89,0,False
883e628915fffff,177,0,False
883e628917fffff,199,0,False
883e628919fffff,89,0,False
883e62891bfffff,89,0,False
883e62891dfffff,89,0,False
883e628921fffff,246,0,False
883e628923fffff,246,0,False
883e628925fffff,246,0,False
883e628927fffff,246,0,False
883e628929fffff,246,0,False
883e628931fffff,246,0,False
883e628935fffff,246,0,False
883e628939fffff,246,0,False
883e62893bfffff,246,0,False
883e62893dfffff,246,0,False
883e628941fffff,89,0,False
883e628945fffff,97,0,False
883e628947fffff,89,0,False
883e628949fffff,89,0,False
883e62894bfffff,89,0,False
883e62894dfffff,89,0,False
883e628957fffff,89,0,False
883e62895bfffff,89,0,False
883e628961fffff,228,0,False
883e628963fffff,244,0,False
883e628969fffff,111,0,False
883e62896bfffff,112,0,False
883e62896dfffff,122,0,False
883e62898bfffff,118,0,False
883e6289a5fffff,246,0,False
883e6289adfffff,246,0,False
883e6289c3fffff,0,0,False
883e6289c7fffff,140,0,False
883e6289cdfffff,70,0,False
883e6289d1fffff,0,0,False
883e6289d5fffff,0,0,False
883e6289d7fffff,0,0,False
883e6289d9fffff,0,0,False
883e6289ddfffff,0,0,False
883e6289e7fffff,246,0,False
883e6289e9fffff,228,0,False
883e6289ebfffff,246,0,False
883e6289edfffff,246,0,False
883e628a03fffff,1667,0,False
883e628a0bfffff,1667,0,False
883e628a0dfffff,1547,0,False
883e628a15fffff,2176,0,False
883e628a19fffff,2595,0,False
883e628a25fffff,567,1,True
883e628a33fffff,1563,1,True
883e628a45fffff,1113,0,False
883e628a47fffff,1668,0,False
883e628a53fffff,2617,0,False
883e628a81fffff,4177,0,False
883e628a89fffff,4177,0,False
883e628a8bfffff,7587,0,False
883e628a8dfffff,4207,1,True
883e628a91fffff,23212,0,False
883e628a93fffff,74517,0,False
883e628a97fffff,70509,1,True
883e628a99fffff,19170,0,False
883e628a9bfffff,48701,0,False
883e628a9dfffff,6133,1,True
883e628aa3fffff,14427,0,False
883e628aa5fffff,7977,0,False
883e628aa9fffff,7977,0,False
883e628aadfffff,7977,0,False
883e628ab3fffff,11642,0,False
883e628ab5fffff,18043,2,True
883e628ab7fffff,34321,0,False
883e628abbfffff,9898,0,False
883e628ac7fffff,4178,0,False
883e628ac9fffff,3830,0,False
883e628ad7fffff,11838,0,False
883e628ad9fffff,6111,0,False
883e628ae1fffff,5953,0,False
883e628ae3fffff,7276,0,False
883e628ae5fffff,5010,0,False
883e628ae7fffff,7942,1,True
883e628aebfffff,7492,0,False
883e628b01fffff,1824,0,False
883e628b03fffff,948,1,True
883e628b05fffff,1824,0,False
883e628b07fffff,1008,0,False
883e628b09fffff,1484,0,False
883e628b0bfffff,1439,0,False
883e628b0dfffff,1824,2,True
883e628b11fffff,240,0,False
883e628b15fffff,252,0,False
883e628b19fffff,923,0,False
883e628b1bfffff,100,0,False
883e628b1dfffff,902,0,False
883e628b21fffff,969,0,False
883e628b23fffff,89,0,False
883e628b25fffff,763,0,False
883e628b27fffff,89,0,False
883e628b29fffff,1824,0,False
883e628b2bfffff,917,1,True
883e628b2dfffff,1824,0,False
883e628b31fffff,89,0,False
883e628b33fffff,89,0,False
883e628b35fffff,89,0,False
883e628b37fffff,89,0,False
883e628b39fffff,314,0,False
883e628b3dfffff,293,0,False
883e628b45fffff,1825,0,False
883e628b47fffff,1520,0,False
883e628b4dfffff,1417,0,False
883e628b57fffff,1690,0,False
883e628b61fffff,1824,0,False
883e628b63fffff,1824,0,False
883e628b65fffff,1824,0,False
883e628b67fffff,1824,0,False
883e628b69fffff,1825,1,True
883e628b6bfffff,1824,0,False
883e628b6dfffff,1825,0,False
883e628c01fffff,45214,1,True
883e628c03fffff,4261,0,False
883e628c05fffff,67202,0,False
883e628c07fffff,38984,0,False
883e628c09fffff,25309,0,False
883e628c0bfffff,24714,0,False
883e628c0dfffff,43064,0,False
883e628c11fffff,4327,0,False
883e628c13fffff,4261,0,False
883e628c15fffff,4261,0,False
883e628c17fffff,4260,0,False
883e628c19fffff,5651,0,False
883e628c1bfffff,5536,1,True
883e628c1dfffff,4417,1,True
883e628c21fffff,63950,0,False
883e628c23fffff,18220,0,False
883e628c25fffff,12775,1,True
883e628c27fffff,13363,2,True
883e628c29fffff,119559,1,True
883e628c2bfffff,76440,0,False
883e628c2dfffff,62356,1,True
883e628c31fffff,4938,0,False
883e628c33fffff,2862,0,False
883e628c35fffff,6455,0,False
883e628c37fffff,4700,0,False
883e628c39fffff,4261,1,True
883e628c3bfffff,4260,0,False
883e628c3dfffff,9966,1,True
883e628c41fffff,4388,0,False
883e628c43fffff,8761,0,False
883e628c45fffff,13589,0,False
883e628c47fffff,3754,0,False
883e628c49fffff,9454,0,False
883e628c4bfffff,6808,0,False
883e628c4dfffff,8578,0,False
883e628c51fffff,2677,0,False
883e628c53fffff,5662,0,False
883e628c55fffff,4835,0,False
883e628c57fffff,5367,0,False
883e628c59fffff,2576,0,False
883e628c5bfffff,3872,0,False
883e628c5dfffff,3342,0,False
883e628c61fffff,72964,0,False
883e628c63fffff,71402,0,False
883e628c65fffff,43428,2,True
883e628c67fffff,77149,0,False
883e628c69fffff,19626,0,False
883e628c6bfffff,43248,1,True
883e628c6dfffff,14052,1,True
883e628c8dfffff,625,1,True
883e628cc1fffff,4805,0,False
883e628cc3fffff,4367,0,False
883e628cc5fffff,4260,0,False
883e628cc7fffff,4175,0,False
883e628cc9fffff,5684,0,False
883e628ccbfffff,6895,0,False
883e628ccdfffff,5346,1,True
883e628cd1fffff,3026,0,False
883e628cd3fffff,1797,0,False
883e628cddfffff,3862,0,False
883e628ce1fffff,1289,1,True
883e628ce3fffff,625,0,False
883e628ce5fffff,758,0,False
883e628ce9fffff,4260,0,False
883e628cebfffff,2331,0,False
883e628cedfffff,4240,0,False
883e628d03fffff,10724,0,False
883e628d09fffff,5532,0,False
883e628d0bfffff,8416,0,False
883e628d0dfffff,6336,0,False
883e628d11fffff,4985,0,False
883e628d13fffff,4997,0,False
883e628d1dfffff,6713,0,False
883e628d21fffff,3244,0,False
883e628d29fffff,3245,1,True
883e628d2dfffff,3215,0,False
883e628d41fffff,25988,0,False
883e628d43fffff,14657,0,False
883e628d47fffff,4927,0,False
883e628d49fffff,59648,1,True
883e628d4bfffff,45234,1,True
883e628d4dfffff,27713,0,False
883e628d55fffff,8757,0,False
883e628d57fffff,8340,1,True
883e628d5bfffff,54617,0,False
883e628d5dfffff,21292,0,False
883e628d63fffff,5157,0,False
883e628d67fffff,3356,0,False
883e628d69fffff,5247,0,False
883e628d83fffff,6427,0,False
883e628d85fffff,4031,0,False
883e628d8bfffff,13572,0,False
883e628d8dfffff,5064,0,False
883e628d95fffff,7656,0,False
883e628d9dfffff,1010,0,False
883e628da1fffff,9808,0,False
883e628da3fffff,11702,0,False
883e628da7fffff,12233,0,False
883e628da9fffff,6464,0,False
883e628dabfffff,4228,0,False
883e628dadfffff,6617,0,False
883e628db1fffff,24206,0,False
883e628db3fffff,26748,0,False
883e628db7fffff,23670,0,False
883e628db9fffff,25649,0,False
883e628dbbfffff,33028,0,False
883e628dc1fffff,84399,0,False
883e628dc3fffff,51391,0,False
883e628dc5fffff,5065,0,False
883e628dc7fffff,5065,0,False
883e628dc9fffff,9167,0,False
883e628dcbfffff,5189,0,False
883e628dd5fffff,19711,0,False
883e628dddfffff,8957,0,False
883e628de1fffff,12585,0,False
883e628de5fffff,3806,0,False
883e628debfffff,6196,0,False
883e628e01fffff,18640,0,False
883e628e03fffff,10710,1,True
883e628e05fffff,17240,0,False
883e628e07fffff,10881,0,False
883e628e09fffff,35604,0,False
883e628e0bfffff,10138,1,True
883e628e0dfffff,30251,2,True
883e628e11fffff,17020,0,False
883e628e13fffff,12345,0,False
883e628e15fffff,69546,0,False
883e628e17fffff,47130,0,False
883e628e19fffff,4519,0,False
883e628e1bfffff,9108,0,False
883e628e1dfffff,6576,1,True
883e628e21fffff,40399,0,False
883e628e23fffff,14456,2,True
883e628e25fffff,35752,1,True
883e628e27fffff,16999,1,True
883e628e29fffff,38977,1,True
883e628e2bfffff,36790,0,False
883e628e2dfffff,39156,2,True
883e628e35fffff,6593,1,True
883e628e37fffff,2993,0,False
883e628e39fffff,53062,1,True
883e628e3dfffff,13419,0,False
883e628e41fffff,48765,0,False
883e628e43fffff,41977,1,True
883e628e45fffff,43767,1,True
883e628e47fffff,29512,0,False
883e628e49fffff,57490,0,False
883e628e4bfffff,50588,1,True
883e628e4dfffff,48302,1,True
883e628e51fffff,22092,1,True
883e628e53fffff,3972,0,False
883e628e55fffff,31202,0,False
883e628e57fffff,4860,0,False
883e628e59fffff,34142,0,False
883e628e5bfffff,2737,0,False
883e628e5dfffff,36702,0,False
883e628e61fffff,13087,1,True
883e628e63fffff,11934,1,True
883e628e67fffff,11829,0,False
883e628e69fffff,25729,0,False
883e628e6bfffff,17254,1,True
883e628e6dfffff,12239,0,False
883e628e81fffff,779,0,False
883e628e83fffff,1666,0,False
883e628e85fffff,6092,0,False
883e628e87fffff,24175,0,False
883e628e89fffff,777,0,False
883e628e8bfffff,1709,0,False
883e628e8dfffff,1587,0,False
883e628e99fffff,2124,0,False
883e628e9dfffff,1799,0,False
883e628ea1fffff,5539,0,False
883e628ea3fffff,9417,0,False
883e628ea5fffff,5727,0,False
883e628ea7fffff,5694,0,False
883e628ea9fffff,2670,0,False
883e628eabfffff,10343,0,False
883e628eadfffff,4579,0,False
883e628eb5fffff,13596,0,False
883e628eb9fffff,13082,1,True
883e628ebdfffff,36879,0,False
883e628ec1fffff,6414,0,False
883e628ec3fffff,14188,1,True
883e628ec5fffff,348,0,False
883e628ec7fffff,348,0,False
883e628ec9fffff,581,0,False
883e628ecbfffff,10484,1,True
883e628ecdfffff,1968,0,False
883e628ed1fffff,6136,0,False
883e628ed3fffff,2044,1,True
883e628ed5fffff,11079,0,False
883e628ed7fffff,1782,0,False
883e628ed9fffff,22596,0,False
883e628edbfffff,13076,0,False
883e628eddfffff,16097,0,False
883e628ee9fffff,15460,0,False
883e628eebfffff,1301,0,False
883e628eedfffff,5902,0,False
883e628f01fffff,16659,2,True
883e628f03fffff,31718,0,False
883e628f05fffff,24471,1,True
883e628f07fffff,36557,0,False
883e628f09fffff,10019,1,True
883e628f0bfffff,1374,1,True
883e628f0dfffff,56859,0,False
883e628f11fffff,28728,2,True
883e628f13fffff,12303,0,False
883e628f15fffff,15183,1,True
883e628f17fffff,16670,0,False
883e628f19fffff,26769,0,False
883e628f1bfffff,31009,0,False
883e628f1dfffff,18656,0,False
883e628f21fffff,62824,0,False
883e628f23fffff,62055,1,True
883e628f25fffff,81621,0,False
883e628f27fffff,46802,1,True
883e628f29fffff,20078,0,False
883e628f2bfffff,55404,0,False
883e628f2dfffff,53861,1,True
883e628f31fffff,20434,0,False
883e628f35fffff,33623,0,False
883e628f37fffff,12304,0,False
883e628f3dfffff,39340,0,False
883e628f41fffff,35131,1,True
883e628f43fffff,12211,0,False
883e628f45fffff,66987,1,True
883e628f47fffff,45196,0,False
883e628f49fffff,32326,1,True
883e628f4bfffff,9938,0,False
883e628f4dfffff,57707,0,False
883e628f53fffff,17062,2,True
883e628f55fffff,3702,3,True
883e628f57fffff,13177,0,False
883e628f59fffff,7303,0,False
883e628f5bfffff,5343,0,False
883e628f5dfffff,11857,1,True
883e628f61fffff,88873,1,True
883e628f63fffff,67737,0,False
883e628f65fffff,14824,0,False
883e628f67fffff,77564,0,False
883e628f69fffff,76908,0,False
883e628f6bfffff,67664,0,False
883e628f6dfffff,65653,0,False
883e6291b7fffff,5607,1,True
883e629435fffff,4265,0,False
883e629481fffff,2192,0,False
883e629483fffff,2192,0,False
883e629485fffff,2192,0,False
883e629487fffff,2192,0,False
883e629489fffff,2192,0,False
883e62948bfffff,2192,0,False
883e62948dfffff,2192,0,False
883e629493fffff,2191,0,False
883e629495fffff,2191,0,False
883e629499fffff,2192,0,False
883e62949bfffff,2191,0,False
883e6294a3fffff,5507,1,True
883e6294a7fffff,6895,0,False
883e6294a9fffff,4086,0,False
883e6294abfffff,2515,0,False
883e6294b5fffff,4198,0,False
883e6294bbfffff,751,0,False
883e6294bdfffff,2673,0,False
883e6294c1fffff,1390,0,False
883e6294c5fffff,1902,0,False
883e6294c7fffff,2107,0,False
883e6294cdfffff,1388,0,False
883e6294d1fffff,1722,0,False
883e6294d3fffff,2192,0,False
883e6294d7fffff,2026,0,False
883e6294d9fffff,1961,0,False
883e6294dbfffff,2192,0,False
883e6294e3fffff,2552,1,True
883e6294ebfffff,2192,0,False
883e629513fffff,5113,0,False
883e629515fffff,3476,0,False
883e629519fffff,2538,0,False
883e62951bfffff,3704,0,False
883e629527fffff,4144,0,False
883e629581fffff,3305,0,False
883e629587fffff,3330,0,False
883e62958bfffff,3952,0,False
883e629593fffff,12817,0,False
883e629597fffff,26216,0,False
883e62959bfffff,7318,0,False
883e6295a3fffff,4193,0,False
883e6295adfffff,2187,0,False
883e6295b1fffff,3293,0,False
883e6295b5fffff,3287,0,False
883e6295b9fffff,3329,0,False
883e6295bbfffff,13735,0,False
883e6295bdfffff,3329,0,False
883e6295c1fffff,3896,0,False
883e6295cdfffff,5179,0,False
883e6295d1fffff,4689,0,False
883e6295e1fffff,2105,0,False
883e6295e9fffff,4346,0,False
883e6299a5fffff,1307,0,False
883e6299b1fffff,0,0,False
883e6299b9fffff,0,0,False
883e6299bdfffff,0,0,False
883e62b013fffff,144,0,False
883e62b081fffff,144,0,False
883e62b083fffff,144,0,False
883e62b089fffff,144,0,False
883e62b08bfffff,144,0,False
883e62b08dfffff,144,0,False
883e62b09dfffff,144,0,False
883e62b0c1fffff,144,0,False
883e62b0c3fffff,144,0,False
883e62b0c5fffff,144,0,False
883e62b0c7fffff,144,0,False
883e62b0cbfffff,144,0,False
883e62b0cdfffff,144,0,False
883e62b0d1fffff,144,0,False
883e62b0d5fffff,144,0,False
883e62b0d7fffff,144,0,False
883e62b0ddfffff,144,0,False
883e62b0e9fffff,144,0,False
883e62b0ebfffff,144,0,False
883e62b101fffff,1840,0,False
883e62b103fffff,1840,0,False
883e62b105fffff,1840,0,False
883e62b107fffff,1840,0,False
883e62b121fffff,1935,0,False
883e62b123fffff,1840,0,False
883e62b125fffff,2226,0,False
883e62b127fffff,1848,0,False
883e62b12bfffff,1840,0,False
883e62b12dfffff,2057,1,True
883e62b131fffff,972,0,False
883e62b133fffff,144,0,False
883e62b135fffff,1289,0,False
883e62b137fffff,98,0,False
883e62b139fffff,1840,0,False
883e62b13bfffff,353,0,False
883e62b13dfffff,1840,0,False
883e62b161fffff,1840,0,False
883e62b165fffff,1847,1,True
883e62b167fffff,1840,0,False
883e62b1e5fffff,144,0,False
883e62b201fffff,231,0,False
883e62b203fffff,231,0,False
883e62b205fffff,231,0,False
883e62b20bfffff,230,0,False
883e62b20dfffff,213,0,False
883e62b211fffff,1155,0,False
883e62b213fffff,1435,0,False
883e62b217fffff,994,0,False
883e62b219fffff,1303,0,False
883e62b21bfffff,1435,0,False
883e62b257fffff,163,0,False
883e62b261fffff,191,0,False
883e62b263fffff,231,0,False
883e62b265fffff,140,0,False
883e62b267fffff,231,0,False
883e62b281fffff,1434,0,False
883e62b283fffff,1434,0,False
883e62b285fffff,1434,0,False
883e62b287fffff,1434,0,False
883e62b289fffff,1434,0,False
883e62b28bfffff,1434,0,False
883e62b28dfffff,1434,0,False
883e62b291fffff,892,0,False
883e62b295fffff,1434,0,False
883e62b297fffff,1087,0,False
883e62b29dfffff,1434,1,True
883e62b2a1fffff,1434,0,False
883e62b2a3fffff,1235,0,False
883e62b2a5fffff,1400,0,False
883e62b2a7fffff,945,0,False
883e62b2a9fffff,1434,0,False
883e62b2abfffff,1434,0,False
883e62b2adfffff,1434,0,False
883e62b2b1fffff,1003,0,False
883e62b2b9fffff,1434,0,False
883e62b2bbfffff,1434,0,False
883e62b2bdfffff,1434,0,False
883e62b2c1fffff,1435,1,True
883e62b2c3fffff,1434,0,False
883e62b2c5fffff,1435,0,False
883e62b2c7fffff,1434,0,False
883e62b2c9fffff,1435,0,False
883e62b2cbfffff,1435,0,False
883e62b2cdfffff,1435,0,False
883e62b2d1fffff,1434,0,False
883e62b2d5fffff,1434,0,False
883e62b2d7fffff,1434,0,False
883e62b2d9fffff,864,0,False
883e62b2ddfffff,1434,0,False
883e62b2e1fffff,1434,0,False
883e62b2e3fffff,1434,0,False
883e62b2e7fffff,1434,0,False
883e62b2e9fffff,1435,0,False
883e62b2ebfffff,1434,0,False
883e62b601fffff,43,0,False
883e62b605fffff,34,0,False
883e62b60dfffff,0,0,False
883e62b621fffff,623,0,False
883e62b623fffff,74,0,False
883e62b629fffff,688,0,False
883e62b62bfffff,74,0,False
883e62b62dfffff,1359,1,True
883e62b635fffff,74,0,False
883e62b63dfffff,74,0,False
883e62b661fffff,309,0,False
883e62b663fffff,0,0,False
883e62b665fffff,813,0,False
883e62b667fffff,700,0,False
883e62b66bfffff,0,0,False
883e62b71dfffff,27,0,False
883e62b74bfffff,729,0,False
883e62b751fffff,1161,0,False
883e62b753fffff,1153,0,False
883e62b755fffff,1006,0,False
883e62b757fffff,180,0,False
883e62b759fffff,1055,0,False
883e62b75bfffff,1359,0,False
883e62b75dfffff,1007,0,False
883e62b76dfffff,1268,0,False
883e62b811fffff,2,0,False
883e62b813fffff,3,0,False
883e62b815fffff,1,0,False
883e62b817fffff,2,0,False
883e62b81bfffff,2,0,False
883e62b81dfffff,2,1,True
883e62b845fffff,4569,1,True
883e62b849fffff,651,0,False
883e62b84dfffff,2542,0,False
883e62b851fffff,2,0,False
883e62b855fffff,2,0,False
883e62b857fffff,2,0,False
883e62b859fffff,291,0,False
883e62b869fffff,5387,0,False
883e62b86bfffff,3918,0,False
883e62b86dfffff,5341,0,False
883e62b8e9fffff,7,0,False
883e62ba01fffff,2241,0,False
883e62ba03fffff,2097,0,False
883e62ba05fffff,2241,0,False
883e62ba07fffff,1382,0,False
883e62ba09fffff,2241,0,False
883e62ba0bfffff,2241,0,False
883e62ba0dfffff,2241,0,False
883e62ba11fffff,2237,0,False
883e62ba13fffff,1615,1,True
883e62ba15fffff,1457,1,True
883e62ba17fffff,912,0,False
883e62ba19fffff,2241,0,False
883e62ba1bfffff,2196,0,False
883e62ba1dfffff,2241,0,False
883e62ba21fffff,2703,0,False
883e62ba23fffff,1031,0,False
883e62ba25fffff,2795,0,False
883e62ba27fffff,2699,0,False
883e62ba29fffff,2241,0,False
883e62ba2dfffff,2446,1,True
883e62ba31fffff,905,0,False
883e62ba33fffff,904,0,False
883e62ba35fffff,905,1,True
883e62ba39fffff,905,0,False
883e62ba3bfffff,905,0,False
883e62ba3dfffff,905,0,False
883e62ba41fffff,1880,0,False
883e62ba43fffff,2241,0,False
883e62ba45fffff,214,0,False
883e62ba47fffff,2136,0,False
883e62ba49fffff,870,1,True
883e62ba4bfffff,2242,0,False
883e62ba4dfffff,199,0,False
883e62ba53fffff,2241,0,False
883e62ba55fffff,2241,0,False
883e62ba57fffff,2241,0,False
883e62ba59fffff,2193,0,False
883e62ba5bfffff,1915,0,False
883e62ba5dfffff,2241,0,False
883e62ba61fffff,1945,0,False
883e62ba63fffff,2241,0,False
883e62ba65fffff,2242,0,False
883e62ba67fffff,2241,0,False
883e62ba69fffff,199,0,False
883e62ba6bfffff,1003,0,False
883e62ba6dfffff,878,0,False
883e62ba81fffff,11,1,True
883e62ba85fffff,10,0,False
883e62ba87fffff,10,0,False
883e62ba89fffff,11,0,False
883e62ba8bfffff,11,0,False
883e62ba8dfffff,11,0,False
883e62ba95fffff,11,0,False
883e62ba99fffff,11,0,False
883e62ba9dfffff,11,0,False
883e62baa1fffff,9,0,False
883e62baa3fffff,10,0,False
883e62baa9fffff,8,0,False
883e62baabfffff,10,0,False
883e62bab9fffff,10,0,False
883e62babdfffff,10,0,False
883e62bac1fffff,11,0,False
883e62bac3fffff,11,0,False
883e62bac5fffff,11,0,False
883e62bac7fffff,11,0,False
883e62bac9fffff,1429,0,False
883e62bacbfffff,11,0,False
883e62bacdfffff,1203,1,True
883e62bad1fffff,37,0,False
883e62bad3fffff,11,0,False
883e62bad5fffff,11,0,False
883e62bad7fffff,11,0,False
883e62bad9fffff,144,0,False
883e62badbfffff,124,0,False
883e62baddfffff,56,0,False
883e62bae1fffff,904,0,False
883e62bae3fffff,317,0,False
883e62bae5fffff,713,0,False
883e62bae9fffff,821,0,False
883e62baebfffff,306,0,False
883e62baedfffff,904,0,False
883e62bb01fffff,393,0,False
883e62bb03fffff,29,0,False
883e62bb05fffff,204,0,False
883e62bb07fffff,1477,0,False
883e62bb0bfffff,2460,0,False
883e62bb11fffff,3071,0,False
883e62bb13fffff,4333,1,True
883e62bb15fffff,2564,1,True
883e62bb17fffff,5388,1,True
883e62bb19fffff,2795,2,True
883e62bb1bfffff,2795,1,True
883e62bb1dfffff,2611,0,False
883e62bb21fffff,664,0,False
883e62bb23fffff,5018,1,True
883e62bb25fffff,45,0,False
883e62bb29fffff,0,0,False
883e62bb2bfffff,531,0,False
883e62bb2dfffff,0,0,False
883e62bb31fffff,7433,0,False
883e62bb39fffff,5421,0,False
883e62bb3bfffff,6284,1,True
883e62bb3dfffff,6859,1,True
883e62bb51fffff,2539,0,False
883e62bb53fffff,2781,0,False
883e62bb55fffff,2774,0,False
883e62bb57fffff,2795,0,False
883e62bb59fffff,2242,0,False
883e62bb5bfffff,2241,0,False
883e62bb5dfffff,3138,0,False
883e62c29bfffff,0,0,False
883e62c601fffff,246,0,False
883e62c60bfffff,246,0,False
883e62c611fffff,246,0,False
883e62c613fffff,246,0,False
883e62c619fffff,246,0,False
883e62c61bfffff,246,0,False
883e62c61dfffff,246,0,False
883e62c62dfffff,92,0,False
883e62c641fffff,5100,0,False
883e62c645fffff,4188,0,False
883e62c649fffff,4207,0,False
883e62c64bfffff,3027,0,False
883e62c64dfffff,5053,0,False
883e62c661fffff,0,0,False
883e62c663fffff,137,0,False
883e62c665fffff,192,0,False
883e62c667fffff,0,0,False
883e62c669fffff,3881,0,False
883e62c66bfffff,20,0,False
883e62c66dfffff,14027,1,True
883e62c689fffff,246,0,False
883e62c68bfffff,246,0,False
883e62c691fffff,246,0,False
883e62c693fffff,246,0,False
883e62c695fffff,246,0,False
883e62c697fffff,246,0,False
883e62c699fffff,246,0,False
883e62c69bfffff,246,0,False
883e62c69dfffff,246,0,False
883e62c6b3fffff,246,0,False
883e62c6bbfffff,246,0,False
883e62c6c1fffff,246,0,False
883e62c6c3fffff,246,0,False
883e62c6c9fffff,246,0,False
883e62c6cbfffff,246,0,False
883e62c6cdfffff,246,0,False
883e62c6d1fffff,246,0,False
883e62c6d3fffff,246,0,False
883e62c6d5fffff,246,0,False
883e62c6d7fffff,246,0,False
883e62c6dbfffff,246,0,False
883e62c6ddfffff,246,0,False
883e62c709fffff,0,0,False
883e62c70bfffff,103,0,False
883e62c741fffff,0,1,True
883e62c743fffff,0,0,False
883e62c747fffff,0,1,True
883e62c749fffff,0,1,True
883e62c74bfffff,0,0,False
883e62c74dfffff,0,0,False
883e62c751fffff,0,0,False
883e62c755fffff,0,0,False
883e62c757fffff,68,0,False
883e62c75bfffff,0,0,False
883e62c75dfffff,0,0,False
883e62d481fffff,111,0,False
883e62d483fffff,111,1,True
883e62d485fffff,219,0,False
883e62d487fffff,122,0,False
883e62d489fffff,111,0,False
883e62d48bfffff,111,0,False
883e62d48dfffff,111,0,False
883e62d491fffff,111,0,False
883e62d493fffff,109,0,False
883e62d495fffff,111,0,False
883e62d497fffff,111,0,False
883e62d499fffff,107,0,False
883e62d49bfffff,96,0,False
883e62d49dfffff,111,0,False
883e62d4a1fffff,1486,1,True
883e62d4a3fffff,2994,1,True
883e62d4a5fffff,1080,0,False
883e62d4a7fffff,5083,0,False
883e62d4a9fffff,698,1,True
883e62d4abfffff,926,0,False
883e62d4adfffff,1493,0,False
883e62d4b1fffff,111,0,False
883e62d4b3fffff,119,0,False
883e62d4b7fffff,1113,1,True
883e62d4b9fffff,111,0,False
883e62d4bbfffff,111,1,True
883e62d4bdfffff,925,0,False
883e62d4d1fffff,378,0,False
883e62d4d3fffff,1285,0,False
883e62d4d5fffff,111,0,False
883e62d4d7fffff,111,0,False
883e62d4d9fffff,1381,0,False
883e62d4dbfffff,1824,0,False
883e62d4e3fffff,406,0,False
883e62d4e7fffff,718,0,False
883e62d581fffff,5382,0,False
883e62d583fffff,8624,0,False
883e62d589fffff,3197,0,False
883e62d58bfffff,3334,1,True
883e62d591fffff,7279,0,False
883e62d593fffff,8871,0,False
883e62d595fffff,9615,0,False
883e62d597fffff,13021,0,False
883e62d599fffff,1635,0,False
883e62d59dfffff,3026,1,True
883e62d5a1fffff,0,0,False
883e62d5a3fffff,0,0,False
883e62d5a5fffff,0,0,False
883e62d5a7fffff,0,1,True
883e62d5abfffff,0,0,False
883e62d5b3fffff,18776,2,True
883e62d5b5fffff,0,0,False
883e62d5b7fffff,43,0,False
883e62d5bbfffff,18511,1,True
883e62d5bdfffff,340,0,False
883e62d5d3fffff,1378,0,False
883e62d5d5fffff,2907,0,False
883e62d5d7fffff,2623,0,False
883e62d5dbfffff,1733,0,False
883e62d681fffff,1825,0,False
883e62d683fffff,1825,1,True
883e62d687fffff,1586,0,False
883e62d689fffff,1825,0,False
883e62d68bfffff,1825,0,False
883e62d68dfffff,1736,0,False
883e62d691fffff,1825,0,False
883e62d693fffff,1825,0,False
883e62d695fffff,1825,0,False
883e62d697fffff,1825,0,False
883e62d699fffff,1825,0,False
883e62d69bfffff,1825,0,False
883e62d69dfffff,1825,0,False
883e62d6b1fffff,1402,0,False
883e62d6b3fffff,1825,0,False
883e62d6b9fffff,1825,0,False
883e62d6bbfffff,1825,0,False
883e62d6d1fffff,1825,0,False
883e62d6d3fffff,1825,0,False
883e62d6d5fffff,1825,0,False
883e62d6d7fffff,1825,0,False
883e62d6dbfffff,1172,0,False
