Stop_Name,Daily_All_BA,Morning_All_BA,routes_cta_evening,routes_cta_morning,routes_p_o_14_evening,routes_p_o_14_morning,routes_cta_m_evening,routes_cta_m_morning,routes_coop_evening,routes_coop_morning,routes_p_b_8_morning,routes_p_b_8_evening,Total_Routes_At_Stop
(Mostorod Bridge) Ring Road,648.0,280.0,3,3,6,6,0,0,0,0,0,0,18
10 St. Steps (Ring Rd.),45.0,45.0,0,1,0,6,0,0,0,0,0,0,7
10th District (Nasr City),20158.0,7990.0,9,9,4,4,16,16,0,0,0,0,58
10th District (Shorouq City),412.0,156.0,1,1,0,0,0,0,0,0,0,0,2
10th District Station (6th of October),430.0,138.0,2,2,0,0,0,0,0,0,0,0,4
10th District Station (Nasr City),3670.0,1950.0,4,4,1,1,15,15,0,0,0,0,40
10th of Ramadan,2406.0,1466.0,2,2,1,1,0,0,0,0,0,0,6
10th of Ramadan (Ismailiya Desert Rd.),119.0,39.0,1,1,0,0,0,0,0,0,0,0,2
10th of Ramadan City,6976.0,4416.0,0,0,1,1,0,0,0,0,0,0,2
11th District Exit (Sheikh Zayed),29.0,5.0,1,1,0,0,0,0,0,0,0,0,2
15th of May School (Mostorod),7615.0,5755.0,4,4,2,2,8,8,1,1,0,0,30
1st Settlement Authority,1635.0,1219.0,8,8,0,0,12,12,0,0,0,0,40
1st Settlement Station,155.0,155.0,0,0,0,0,0,1,0,0,0,0,1
20 St. & Al Mostaqbal St. (Sheikh Zayed),33.0,9.0,1,1,0,0,0,0,0,0,0,0,2
26th of July Corridor & Alex Desert Rd.,288.0,0.0,0,0,3,0,0,0,0,0,0,0,3
26th of July Corridor Exit to Alex Desert Rd.,226.0,226.0,0,0,0,2,0,0,0,0,0,0,2
26th of July Mehwar Steps to Ard Al Lewa,4526.0,2682.0,4,4,7,7,0,0,0,0,0,0,22
2nd Nasr City Police Station,1147.0,787.0,18,18,2,0,0,0,0,0,0,0,38
3rd Settlement Station,1933.0,745.0,3,3,0,0,0,0,0,0,0,0,6
5th Settlement Authority,237.0,185.0,2,2,1,0,0,0,0,0,1,0,6
5th Settlement Police Station,223.0,99.0,3,3,0,0,1,1,0,0,0,0,8
6 October Bridge (Mostorod),180.0,160.0,0,1,0,2,2,0,0,0,0,0,5
6th District (6th of October),2441.0,1449.0,0,0,2,2,0,0,0,0,1,1,6
6th Of October City Authority,138.0,138.0,0,4,0,5,0,0,0,0,0,0,9
6th of October Garden (Helwan),2068.0,420.0,0,0,3,3,0,0,0,0,0,0,6
6th of October Panorama,306.0,190.0,0,5,0,0,8,8,0,0,0,0,21
6th Of October University,2756.0,1376.0,4,0,4,4,0,0,0,0,0,0,12
7 Omarat,598.0,166.0,2,2,0,0,6,6,0,0,0,0,16
7th District (Nasr City),853.0,357.0,6,6,1,0,9,9,0,0,0,0,31
7th District Entrance (6th of October),1030.0,842.0,4,0,4,4,0,0,0,0,1,0,13
7th District Station (Nasr City),6601.0,3381.0,6,6,0,0,9,9,0,0,0,0,30
8th District (6th of October),104.0,0.0,2,0,0,0,0,0,0,0,0,0,2
8th District (Nasr City),7933.0,4189.0,12,12,0,0,10,10,0,0,0,0,44
8th District (Shorouq City),321.0,65.0,1,1,0,0,0,0,0,0,0,0,2
Aba Al Kassem Mosque (Autostrad),422.0,238.0,0,0,7,7,0,0,0,0,0,0,14
Abageyya Bridge,410.0,102.0,10,10,0,0,1,0,0,0,0,0,21
Abbas Al Akkad & Mostafa Al Nahas,847.0,379.0,0,0,0,0,7,7,0,0,0,0,14
Abbaseya,23013.0,15001.0,27,27,9,9,33,33,0,0,0,0,138
Abbaseya Bridge Entrance,7640.0,4812.0,19,19,10,10,19,19,0,0,0,0,96
Abbaseya Bridge Exit,1633.0,641.0,18,18,8,8,26,26,0,0,0,0,104
Abbaseya Hospital,1747.0,1243.0,17,17,12,12,18,18,0,0,0,0,94
Abbaseya Square,20073.0,13665.0,9,9,6,6,25,25,0,0,0,0,80
Abbaseya Station,912.0,0.0,4,0,0,0,0,0,0,0,0,0,4
Abboud,26925.0,16269.0,15,15,10,10,8,8,0,0,0,0,66
Abd Al Moneim Riad,61605.0,35993.0,50,50,11,11,27,27,0,0,0,0,176
Abd El Aziz St. (Ataba),23457.0,13521.0,16,16,1,1,9,9,0,0,0,0,52
Abdeen,1199.0,691.0,16,16,0,0,5,5,0,0,0,0,42
Abdel Menaam Reyad Mosque (Nile Corniche),834.0,34.0,0,0,4,4,0,0,0,0,0,0,8
Abdo Basha,4068.526614174888,3525.0,14,15,0,0,17,17,0,0,0,0,63
Abdullah Al Othaym (Nile Corniche),385.0,13.0,1,1,4,0,0,0,0,0,0,0,6
Abo Senna Steps,2224.0,880.0,3,3,1,1,0,0,1,1,0,0,10
Abo Sir Steps (Ring Rd.),172.0,44.0,3,3,0,0,0,0,0,0,0,0,6
Abou Al Majd Center (Mostorod),878.0,342.0,3,3,3,3,4,4,0,0,0,0,20
Abou Al Reesh,6117.0,3281.0,15,15,1,1,16,16,0,0,0,0,64
Abou Wafya,3270.0,2306.0,2,2,5,5,3,3,0,0,0,0,20
Abou Wafya Bridge,875.0,483.0,0,3,0,0,9,9,0,0,0,0,21
Abu Al Gheit Ambulance Service,1026.0,854.0,2,2,2,2,0,0,0,0,0,0,8
Abu Al Houl ( Mansoureyya Rd. ),216.0,0.0,1,0,1,0,0,0,0,0,0,0,2
Abu Al Houl St.,1250.0,506.0,1,1,0,0,0,0,0,0,0,0,2
Abu Bakr Al Sedeeq Mosque - Sheraton,280.0,280.0,0,0,0,0,0,1,0,0,0,0,1
Abu Bakr Al Sediq Mosque (Sheraton),904.0,400.0,0,0,0,0,1,1,0,0,0,0,2
Abu El Numrus,3684.0,2148.0,0,0,2,2,0,0,0,0,0,0,4
Abu Khater (Al Matareyya),3079.0,2379.0,4,4,0,1,11,11,1,1,0,0,33
Abu Makarem Mosque (Al Waili),82.0,70.0,5,5,0,0,0,0,0,0,0,0,10
Adawy (Nile Corniche),1147.0,307.0,0,0,4,4,0,0,0,0,0,0,8
Aden St & Sudan St,1578.0,1422.0,5,0,3,3,0,0,0,0,0,0,11
Adidas Steps (Ring Rd.),1311.0,775.0,8,8,4,4,0,0,0,0,0,0,24
Afendina Dome ( Manshiyat Nasser ),1539.0,839.0,4,4,7,7,4,4,0,0,0,0,30
Agouza Corniche,969.0,533.0,7,7,2,2,2,2,0,0,0,0,22
Agouza Police Hospital,1747.0,1135.0,16,16,3,3,1,0,0,0,0,0,39
Agricultural Center (Badrasheen),2340.0,1764.0,0,0,1,1,0,0,0,0,0,0,2
Agricultural Research Center - Cairo University,1074.0,702.0,19,19,0,0,12,12,1,0,0,0,63
Agyad School (Betcho),240.0,0.0,0,0,0,0,0,0,0,0,0,1,1
Ahli Bank (Al Nadi Al Gedid St.),3319.0,1947.0,1,1,3,3,1,1,0,0,0,0,10
Ahli Kuwaiti Bank (Sudan St),1616.0,944.0,5,5,3,3,0,0,0,0,0,0,16
Ahmed Al Sallab Mall (Nasr City),3832.0,2952.0,19,19,0,1,0,0,0,0,0,0,39
Ahmed Badawi St.,13053.0,8013.0,43,43,3,3,10,10,0,0,0,0,112
Ahmed Esmat St. & Ain Shams St.,469.0,281.0,2,2,0,0,7,7,0,0,0,0,18
Ahmed Fakhry and Autostrad,8064.0,5632.0,2,2,3,3,13,13,0,0,0,0,36
Ahmed Helmy,30825.0,16205.0,43,43,4,4,10,10,0,0,0,0,114
Ahmed Ismail Square (Alf Maskan),1200.0,0.0,0,0,1,0,0,0,0,0,0,0,1
Ahmed Maher Teaching Hospital,10275.262839271729,7680.0,36,37,3,3,25,25,0,0,0,0,129
Ahmed Oraby Metro,10861.0,6101.0,40,40,4,4,25,25,0,0,0,0,138
Ahmed Oraby Square (Obour),99.0,99.0,0,1,0,1,0,0,0,0,0,0,2
Ahmed Oraby St.,14420.0,7708.0,41,41,3,3,10,10,0,0,0,0,108
Ahmed Saaed Bridge Entrance,1386.0,842.0,19,19,6,6,25,25,0,0,0,0,100
Ahmed Saaed Bridge Exit,1470.0,798.0,0,0,1,1,0,0,0,0,0,0,2
Ahmed Saeed St. & Abaseyya St.,4827.950086291886,3265.0,13,14,0,0,20,20,0,0,0,0,67
Ahmed Zaki St. (Maadi),717.0,509.0,1,2,4,4,1,1,0,0,0,0,13
Ahram Gardens Resort (6th of October),44.0,0.0,0,0,1,0,0,0,0,0,0,0,1
Ahram School for Basic Education,1435.0,395.0,1,0,0,0,3,3,1,0,0,0,8
Aida (Ahmed Helmy St.),309.0,141.0,1,1,4,4,0,0,0,0,0,0,10
Ain Helwan Metro,2044.0,1316.0,0,0,1,1,0,0,0,0,0,0,2
Ain Shams University,3773.0,3605.0,8,0,5,5,23,23,0,0,0,0,64
Ain Shams University (Obour),267.0,99.0,0,1,1,1,0,0,0,0,0,0,3
Ain Shams University Dorms,1129.0,753.0,8,8,0,5,23,23,0,0,0,0,67
Air Force Hospital,3295.0,2767.0,3,3,1,1,0,0,0,0,0,0,8
Air Force Hospital (Al Waili),6118.0,3262.0,14,14,0,0,18,18,0,0,0,0,64
Akhnaton School,122.0,90.0,3,3,0,0,1,1,0,0,0,0,8
Akhnaton Square (5th Settlement),584.0,504.0,3,3,0,0,1,0,0,0,1,0,8
Al Aalam Specialized Hospital,2824.0,2336.0,4,4,4,4,1,1,0,0,0,0,18
Al Abageyya,1945.0,1009.0,10,10,0,0,0,0,0,0,0,0,20
Al Abaseyya Institute for Computer & Commercial Sciences,20.0,0.0,0,0,2,0,0,0,0,0,0,0,2
Al Abaseyya Institute for Computers,4006.0,2578.0,0,0,1,1,0,0,2,2,0,0,6
Al Abeet Steps (Ring Rd.),76.0,36.0,0,0,0,4,0,0,1,0,0,0,5
Al Abtal Club ( Ein Al Seera),829.0,669.0,3,3,4,4,2,2,0,0,0,0,18
Al Abyad Automotive ( Faisal St.),1441.0,601.0,0,0,1,1,3,3,0,0,0,0,8
Al Agouza Hospital,1155.0,727.0,16,16,0,3,1,1,0,0,0,0,37
Al Agouza Steps (October Bridge),2478.0,1602.0,10,10,7,7,2,2,0,0,0,0,38
Al Ahli Bank (Courniche Boulaq),710.0,474.0,6,6,4,0,2,2,0,0,0,0,20
Al Ahli Bank (Faisal St.),2743.0,1083.0,0,0,2,2,3,3,0,0,0,0,10
Al Ahly Sporting Club,2710.092524384774,1210.443103888802,2,2,1,1,8,8,0,0,0,0,22
Al Ahly Sporting Club (Nasr City),1004.0,532.0,0,0,2,0,9,9,0,0,0,0,20
Al Amir Steps (Ring Rd.),872.0,400.0,3,3,8,8,0,0,0,0,0,0,22
Al Anabeeb - Waili,2075.0,1179.0,5,5,1,1,3,3,0,0,0,0,18
Al Andalous Specialized Hospital (7th District Nasr City),916.0,844.0,6,6,0,1,8,8,0,0,0,0,29
Al Areesh (Haram St.),4008.0,2544.0,4,4,2,2,3,3,1,1,0,0,20
Al Atraby Basha Abu Al Ezz St. & Gesr Al Suez St.,1564.0,1176.0,6,6,5,5,10,10,1,0,0,0,43
Al Azhar Park Gate,272.0,272.0,0,3,0,0,0,0,0,0,0,0,3
Al Azhar Pedestrian Bridge,3895.0,2767.0,23,23,8,8,19,19,0,0,0,0,100
Al Azhar University Hospital ( Nasr City ),1274.0,558.0,17,17,0,0,0,0,0,0,0,0,34
Al Azhar University Northen Gate,751.0,427.0,0,0,0,7,19,19,0,0,0,0,45
Al Azhar University Southern Gate,590.0,242.0,16,16,0,0,0,0,0,0,0,0,32
Al Aziz Bellah (Gesr Al Suez),1533.0,957.0,1,1,4,4,2,2,0,0,0,0,14
Al Aziz Bellah St. &  Selim Al Awwal St.,1636.0,1012.0,2,2,0,0,5,5,0,0,0,0,14
Al Azizeya Bridge,1457.0,953.0,0,0,1,1,0,0,0,0,0,0,2
Al Badrasheen City Council,828.0,756.0,0,0,0,0,0,0,1,1,0,0,2
Al Bahr Al Aazam St. Exit End,1278.0,466.0,1,1,5,5,0,0,0,0,0,0,12
Al Bahr Al Aazam St. Exit Start,2806.0,1258.0,1,0,8,8,0,0,0,0,0,0,17
Al Baloun Theatre (Al Agouza),3088.0,1536.0,16,16,3,3,1,1,0,0,0,0,40
Al Banat Mosque,20675.924629531368,19793.0,25,26,2,2,21,21,0,0,0,0,97
Al Banhawi,10975.0,6063.0,21,21,1,1,21,21,0,0,0,0,86
Al Barageel Entrance,147.0,55.0,5,0,0,10,0,0,0,0,0,0,15
Al Barageel Steps (Ring Rd.),175.0,175.0,0,0,0,6,0,0,0,0,0,0,6
Al Bassous,3820.0,1732.0,0,0,1,1,0,0,0,0,0,0,2
Al Bassous Steps - Ring Road,313.0,9.0,1,1,2,0,0,0,0,0,0,0,4
Al Batal Ahmed - Saheb Al Diwan,8440.0,2408.0,0,0,1,1,0,0,0,0,0,0,2
Al Bibany St.,1788.0,1072.0,13,14,2,2,2,2,0,0,0,0,35
Al Bohi (Imbaba),9504.0,5404.0,3,3,5,5,0,0,0,0,0,0,16
Al Central (Laylat Al Qadr),112.0,0.0,2,0,0,0,0,0,0,0,0,0,2
Al Central St. & Abou Al Farag St.,676.0,256.0,1,1,0,0,2,2,0,0,0,0,6
Al Dandarawy St. & Basateen Rd.,116.0,88.0,3,3,0,0,2,2,0,0,0,0,10
Al Darb Al Ahmar Police Station,839.0,427.0,10,11,0,2,2,2,0,0,0,0,27
Al Darraasa Traffic Department,884.0,420.0,6,6,1,1,4,4,0,0,0,0,22
Al Dawagen (Nile Corniche),1360.0,532.0,1,0,4,4,0,0,0,0,0,0,9
Al Demerdash Hospital,2381.0,1645.0,20,20,7,0,25,25,0,0,0,0,97
Al Demerdash Metro,6901.0,3277.0,24,24,11,11,31,31,0,0,0,0,132
Al Eman Mosque (Makram Ebeid),3913.0,2057.0,0,0,2,2,8,8,0,0,0,0,20
Al Etaby Center,139.0,19.0,1,1,0,0,0,0,0,0,0,0,2
Al Ezaby Pharmacy Al Mehwar Al Markazi (6th of October),32.0,0.0,2,0,0,0,0,0,0,0,0,0,2
Al Farag Butchery ( Magra Al Oyoun),1797.0,1125.0,16,16,0,0,4,4,0,0,0,0,40
Al Faragany (Ain Shams St.),854.0,602.0,2,2,0,0,7,7,0,0,0,0,18
Al Fardous Compound Entrance (6th of October),129.0,85.0,0,0,2,2,0,0,0,0,0,0,4
Al Fath Mosque (Mansheyyet Al Gamal St.),1780.0,1324.0,2,0,1,1,8,8,0,0,0,0,20
Al Fath Superjet,524.0,100.0,3,3,2,0,0,0,0,0,0,1,9
Al Fath Superjet (Nasr City),603.0,507.0,4,4,0,2,0,0,0,0,0,0,10
Al Fayrouz Medical Center (Helwan),1872.0,856.0,0,0,6,6,0,0,0,0,0,0,12
Al Fouad Hospital (Abbaseya),2712.0,1580.0,6,6,0,0,5,5,0,0,0,0,22
Al Gabal Al Asfar (Marg),1540.0,256.0,0,0,1,1,0,0,0,0,0,0,2
Al Galaa Bridge,3766.0,2350.0,6,6,6,6,16,16,0,0,0,0,56
Al Galaa Bridge (Helipolis),1605.0,1149.0,1,1,3,3,7,7,0,0,0,0,22
Al Galaa Military Hospital,6017.0,5921.0,6,6,0,3,0,0,0,0,0,0,15
Al Gamaia Al Sharaia (Nasr City),33.0,33.0,0,0,0,0,0,0,0,0,1,0,1
Al Gamaleya Youth Center,8204.0,4920.0,5,5,0,0,4,4,0,0,0,0,18
Al Garage ( Sawah ),1466.0,714.0,5,5,0,0,2,2,1,1,0,0,16
Al Gazaer Exit (Ring Rd.),1968.0,688.0,3,3,2,2,0,0,0,0,0,0,10
Al Gazareen (Warraq),2403.0,419.0,0,2,2,0,3,3,1,1,0,0,12
Al Geish Square,3440.9138027174627,2390.0,19,20,0,0,17,17,0,0,0,0,73
Al Gezira Steps (October Bridge),3198.0,2038.0,10,10,7,7,2,2,0,0,0,0,38
Al Gomhoreyya (Al Masraf),880.0,288.0,0,0,1,1,0,0,0,0,0,0,2
Al Gomhoreyya (Howd Al Shaikh),1048.0,288.0,0,0,1,1,0,0,0,0,0,0,2
Al Habib Mosque (Al Barageel),687.0,111.0,0,0,1,1,0,0,0,0,0,0,2
Al Hadaba Al Wosta,6079.0,3499.0,6,6,4,4,0,0,0,0,1,0,21
Al Hamd Square Station,1952.0,988.0,3,3,0,0,1,1,0,0,0,1,9
Al Haq Hospital (Arbean St.),1859.0,659.0,0,0,1,1,3,3,2,2,0,0,12
Al Harania Footbridge,2596.0,1716.0,0,0,2,2,0,0,0,0,0,0,4
Al Hawamdeyya,2376.0,1776.0,0,0,2,2,0,0,0,0,0,0,4
Al Hawamdeyya Bridge St.,3096.0,2112.0,0,0,3,3,0,0,1,1,0,0,8
Al Hawamdeyya Traffic Authority,2210.0,798.0,0,0,3,3,0,0,1,1,0,0,8
Al Hayat Islamic School (Marg),536.0,72.0,0,0,1,1,0,0,0,0,0,0,2
Al Hays Pastry (Nozha St.),1071.0,747.0,0,5,0,0,11,11,0,0,0,0,27
Al Hegaz Square,13710.0,7486.0,7,7,2,2,20,20,0,0,0,0,58
Al Helmeya Garden (Gesr Al Suez),3444.0,2012.0,6,6,5,5,2,2,1,1,0,0,28
Al Helmeya Square (Heliopolis),16434.0,9810.0,12,12,4,4,14,14,0,0,0,0,60
Al Hennawy Furniture (Airport Rd.),384.0,244.0,4,4,0,6,2,2,0,0,0,0,18
Al Herafeyin (Gesr Al Suez),510.0,238.0,2,2,0,2,1,1,1,1,0,0,10
Al Herafyeen (Gesr Al Suez),545.0,9.0,2,2,2,0,0,0,0,0,0,0,6
Al Hikma Labs (Nohza St.),427.0,299.0,0,5,0,0,11,11,0,0,0,0,27
Al Horeyya Rd. (Badr),272.0,136.0,1,1,1,0,0,0,0,0,0,0,3
Al Horia Square (Maadi),4171.443746310315,2607.0,1,2,4,4,1,1,0,0,0,0,13
Al Horreya Square (Shorouq City),26.0,26.0,0,1,0,0,0,0,0,0,0,0,1
Al Hossary Azhari Language School,1926.0,886.0,0,0,3,3,0,0,0,0,0,0,6
Al Huda Mosuqe (Al Mosky),3153.758089700732,3055.0,16,17,0,0,16,16,0,0,0,0,65
Al Hussein Hospital (Al Darraasa),411.0,223.0,0,0,0,0,4,4,0,0,0,0,8
Al Imam Al Shafei Cemetaries (Autostrad),831.0,535.0,8,8,9,9,0,0,0,0,0,0,34
Al Ismailiya Square,3094.0,2254.0,7,7,0,0,13,13,0,0,0,0,40
Al Itihadeya,6866.0,4858.0,4,4,0,0,21,21,0,0,0,0,50
Al Kabbani Furniture (6th of October),177.0,177.0,0,2,0,0,0,0,0,0,1,0,3
Al Kahraba Housing Complex,810.0,258.0,0,0,4,4,0,0,0,0,0,0,8
Al Kahraba St. (Nasr City),4673.0,2213.0,8,8,1,1,17,17,0,0,0,0,52
Al Kahraba St. & Al Wahat Road,337.0,129.0,0,0,4,4,0,0,0,0,0,0,8
Al Kahraba St. & Tabarak St.,201.0,129.0,0,0,4,4,0,0,0,0,0,0,8
Al Karma Compound Gate (Sheikh Zayed),17.0,5.0,1,1,0,0,0,0,0,0,0,0,2
Al Kasr Al Aini Hospital,12435.0,8903.0,26,26,5,5,17,17,0,0,0,0,96
Al Kawetch (Al Matareyya),2357.0,1225.0,4,4,0,0,8,8,0,0,0,0,24
Al Kawthar St. & Gamal Al Din Al Banna St.,418.0,354.0,0,0,2,2,0,0,0,0,0,0,4
Al Kerdasi Schools (Marg),1280.0,184.0,0,0,1,1,0,0,0,0,0,0,2
Al Kersh Cars (Heliopolis),576.0,280.0,1,1,0,0,5,5,0,0,0,0,12
Al Khalafawy Square,9060.0,5036.0,35,35,2,2,16,16,0,0,0,0,106
Al Khashab Bridge,1421.0,1045.0,8,8,9,9,3,3,0,0,0,0,40
Al Khazan St. (6th of October),192.0,84.0,2,2,0,0,0,0,0,0,0,0,4
Al Khelaa St.,30.0,18.0,10,10,0,0,0,0,0,0,0,0,20
Al Kholafaa Al Rashdeen Mosque - Nasr City,383.0,383.0,0,4,0,0,0,1,0,0,0,0,5
Al Khouly Steps (Ring Rd.),551.0,407.0,1,1,6,6,0,0,0,1,0,0,15
Al Kurdi St. - Basateen Rd,1164.0,688.0,9,10,0,0,4,4,0,0,0,0,27
Al Kuwaiti Mosque (Zahraa Al Maadi),225.0,161.0,0,0,0,0,1,1,0,0,0,0,2
Al Lewaa Steps (26th of July Corridor),476.0,188.0,4,4,7,7,0,0,0,0,0,0,22
Al Maadi Company St. and Al Gazaer St.,5349.0,3313.0,8,9,1,1,2,2,0,0,0,0,23
Al Maagfera Mosque (Bolak),4814.0,1306.0,0,0,7,7,0,0,0,0,0,0,14
Al Maamal ( Al Remaya St.),589.0,217.0,1,1,0,0,3,3,0,0,0,0,8
Al Maasara Ferry,1557.0,493.0,1,0,4,4,0,0,0,0,0,0,9
Al Maasara For Engineering Industries,1494.0,1010.0,0,0,4,4,0,0,0,0,0,0,8
Al Mafareq (Al Moqattam),1857.0,1009.0,4,4,1,1,0,0,0,0,0,0,10
Al Mafariq (Al Zawya Al Hamra),1508.0,1000.0,2,2,0,0,2,2,0,0,0,0,8
Al Magzar (Al Mariouteya),11311.0,5795.0,2,2,5,5,1,1,0,0,1,1,18
Al Magzar Al Aali (Autostrad),309.0,181.0,10,10,9,0,0,0,0,0,0,0,29
Al Mahkama (New Cairo),64.0,0.0,0,0,0,0,0,0,0,0,0,1,1
Al Malek Al Saleh,9695.0,5679.0,5,5,8,8,1,1,0,0,0,0,28
Al Malek Al Saleh Bridge,6511.0,4783.0,5,5,6,6,3,3,0,0,0,0,28
Al Malek Al Saleh Bridge Entrance,2454.0,1374.0,8,8,9,9,3,3,0,0,0,0,40
Al Malek Al Saleh Metro,1353.0,953.0,13,13,4,4,6,6,0,0,0,0,46
Al Malek Al Saleh Tunnel Square,128.0,80.0,1,1,0,0,0,0,0,0,0,0,2
Al Manara Kiosk (Al Moqattam),595.0,327.0,4,4,0,0,0,0,0,0,0,0,8
Al Manarah Center For International Conferences,183.0,155.0,3,3,0,0,0,0,0,0,0,0,6
Al Manhal Private School,2100.0,1244.0,0,1,0,0,6,6,0,0,0,0,13
Al Manial,5362.0,3286.0,21,21,1,0,14,14,0,0,0,0,71
Al Mansoreya & 26th of July Corridor,1370.0,570.0,5,5,10,10,0,0,0,0,0,0,30
Al Marioteya Rd. & 26th of July Corridor,562.0,314.0,5,5,10,10,0,0,0,0,0,0,30
Al Markaz St. (Abu Al Nomros),1230.0,598.0,0,0,1,1,0,0,0,0,0,0,2
Al Masa Hall (Nile Corniche),1309.0,661.0,1,1,4,4,0,0,0,0,0,0,10
Al Masah Hospital (Mahdy Arafa),9535.0,7747.0,8,8,2,2,6,6,0,0,1,1,34
Al Masallah St. & Al Terilli St,1111.0,555.0,0,0,0,0,3,3,3,3,0,0,12
Al Matareya Metro,278.0,230.0,0,0,1,1,0,0,0,0,0,0,2
Al Matareyya City Authority,6428.0,3820.0,1,1,1,1,3,3,0,0,0,0,10
Al Matareyya Educational Hospital,10221.0,5633.0,3,3,2,2,7,7,3,3,0,0,30
Al Matareyya Square Station,15746.0,9630.0,8,8,3,3,12,12,0,0,0,0,46
Al Mazallaat ( Shubra),13134.0,8198.0,38,38,3,3,14,14,0,0,0,0,110
Al Mazallat,916.0,772.0,21,21,0,1,0,0,0,0,0,0,43
Al Mazallat Metro Station,7633.0,5153.0,15,15,5,5,8,8,0,0,0,0,56
Al Mearag Mosque (Ring Rd.),706.0,602.0,6,6,3,3,0,0,0,0,0,0,18
Al Moassasa Steps (Ring Rd.),128.0,0.0,0,0,5,0,0,0,0,0,0,0,5
Al Moemen Mosque,7699.0,4347.0,12,12,2,2,9,9,0,0,0,0,46
Al Mohandes Insurance (Ramses),3094.0,1882.0,23,23,7,7,29,29,0,0,0,0,118
Al Mokhayam Al Daaem (Nasr City),415.0,279.0,2,2,2,2,0,0,0,0,0,0,8
Al Mokhtabar (Haram St.),1622.0,586.0,4,4,0,0,3,3,1,1,0,0,16
Al Montazah Compound,48.0,0.0,0,0,3,0,0,0,0,0,0,0,3
Al Moqattam Hospital,4429.0,3253.0,18,18,0,0,6,6,0,0,0,0,48
Al Moshir Tantawi Corridor Entrance,56.0,32.0,5,5,0,0,0,0,0,0,0,0,10
Al Mosky (Port Said St.),6334.0,3378.0,15,15,0,0,16,16,0,0,0,0,62
Al Mostafa Center (6th of October),1636.0,920.0,2,2,0,0,0,0,0,0,1,1,6
Al Mostafa Mosque,47.0,23.0,1,1,0,0,0,0,0,0,0,0,2
Al Mostaqbal Entrance,3986.0,1990.0,0,0,4,4,0,0,0,0,0,0,8
Al Mostaqbal Square (Obour),380.0,164.0,1,1,1,1,0,0,0,0,0,0,4
Al Mostashfa St & Ahmed Helmy St,1340.0,708.0,1,1,5,5,0,0,0,0,0,0,12
Al Mostashfa St. & Faisel St.,285.0,205.0,0,0,0,0,1,1,0,0,0,0,2
Al Motamayez Entrance (6th of October),776.0,396.0,4,4,5,5,0,0,0,0,0,0,18
Al Motamayez Wahat Entrance 1,709.0,429.0,0,0,5,5,0,0,0,0,1,1,12
Al Motamayez Wahat Entrance 2,477.0,285.0,0,0,5,5,0,0,0,0,1,1,12
Al Mothalath (Ahmed Al Zomor St.),1985.0,1373.0,0,1,0,1,11,11,0,0,0,0,24
Al Mothalath (Ahmed Al Zomor),2635.0,1419.0,0,1,2,2,13,13,0,0,0,0,31
Al Mothalath (Marg),952.0,112.0,0,0,1,1,0,0,0,0,0,0,2
Al Mounira Hospital,2557.0,1873.0,6,6,2,2,8,8,0,0,0,0,32
Al Mounira School ( Downtown),335.0,183.0,6,6,0,0,8,8,0,0,0,0,28
Al Mukhtar Mosque (Bassous),1596.0,516.0,0,0,1,1,0,0,0,0,0,0,2
Al Naam Square (Ain Shams),2219.0,1439.0,3,3,1,1,7,7,0,0,0,0,22
Al Nada Hospital ( Manial ),663.0,347.0,4,4,0,0,1,1,0,0,0,0,10
Al Nadi Square (Maadi),104.0,104.0,0,1,0,3,0,0,0,0,0,0,4
Al Nady St. & Al Khalifa Al Mamoun St.,3961.0,2681.0,8,8,0,0,33,33,0,0,0,0,82
Al Nagda Square (6th of October),336.0,112.0,2,2,0,0,0,0,0,0,0,0,4
Al Nahda Square (5th Settlement),87.0,23.0,1,1,0,0,0,0,0,0,0,0,2
Al Nahyan Hospital (Sheikh Zayed),6506.0,3630.0,9,9,8,8,3,3,0,0,1,0,41
Al Nakhl (Nile Corniche),1696.0,592.0,1,1,4,4,0,0,0,0,0,0,10
Al Narges 4 (5th Settlement),70.0,46.0,1,1,0,0,0,0,0,0,0,0,2
Al Narges 7 (5th Settlement),125.0,69.0,1,1,0,0,0,0,0,0,0,0,2
Al Narges 8 (5th Settlement),23.0,23.0,0,1,0,0,0,0,0,0,0,0,1
Al Nasr Hospital (Helwan),9418.0,7014.0,0,0,6,6,0,0,0,0,0,0,12
Al Nasr Hotel ( Al Tayaran),1081.0,681.0,1,1,0,0,15,15,0,0,0,0,32
Al Nasr Restaurant (Basateen),953.0,561.0,2,2,0,0,4,4,0,0,0,0,12
Al Nasr School ( Al Waili ),6565.0,3693.0,5,5,1,1,3,3,1,1,0,0,20
Al Noaman Palace ( Orouba Rd. ),68.0,68.0,0,5,0,4,0,0,0,0,0,0,9
Al Noor Al Mohammady (Imbaba),417.0,297.0,3,3,0,0,0,0,0,0,0,0,6
Al Noqrashy School (Hadayek Al Qobba),8261.0,3585.0,4,4,3,3,5,5,0,0,0,0,24
Al Nour Mosque (Abbaseya),2386.0,1322.0,20,20,0,0,25,25,0,0,0,0,90
Al Nour Mosque (Helwan Corniche),511.0,179.0,1,1,2,2,0,0,0,0,0,0,6
Al Nour Mosque (Nasr City),2139.0,1459.0,5,0,1,1,15,15,0,0,0,0,37
Al Nozha Al Gadeeda,2667.0,1447.0,4,4,2,2,2,2,0,0,0,0,16
Al Nozha Al Gadida,3923.0,2943.0,1,1,0,0,3,3,0,0,0,0,8
Al Nozha St. & 30 St. (Sheikh Zayed),75.0,63.0,1,1,0,0,0,0,0,0,1,0,3
Al Nozha St. & Al Horreya (Sheikh Zayed),1765.0,637.0,1,0,0,0,0,0,0,0,1,1,3
Al Omraneyya,2542.0,1938.0,2,2,0,0,5,5,0,0,0,0,14
Al Omraneyya Al Gadida,13856.0,8432.0,4,4,0,0,7,7,0,0,0,0,22
Al Omraneyya Bridge Entrance from Giza,2431.0,1695.0,15,15,0,4,7,7,0,0,0,0,48
Al Omraneyya Bridge Exit,719.0,299.0,4,4,0,0,7,7,0,0,0,0,22
Al Orouba Rd ( Al Thawra St.),1531.0,499.0,5,5,4,4,0,0,0,0,0,0,18
Al Orouba St. & Mergheny St.,833.0,517.0,5,5,0,4,0,0,0,0,0,0,14
Al Othman Motors (Ring Rd.),122.0,74.0,3,3,4,0,0,0,0,0,0,0,10
Al Qanater Al Khayriya,5276.0,3524.0,2,2,2,2,0,0,0,0,0,0,8
Al Qawmeya Cement Club,53.0,53.0,0,0,0,2,0,0,0,0,0,0,2
Al Qobba Al Fidaweyya Mosque (Abbaseya),5609.528167157073,4221.0,10,11,0,0,17,17,0,0,0,0,55
Al Qudsi Mosque (Ain Shams St.),8231.0,5471.0,2,2,2,2,5,5,1,0,0,0,19
Al Rabwa (Sheikh Zayed),17.0,5.0,1,1,0,0,0,0,0,0,0,0,2
Al Rahma Mosque (Airport Rd.),786.0,662.0,4,4,6,6,0,2,0,0,0,0,22
Al Rahman Mosque (1st Settlement),428.0,152.0,4,4,0,0,11,11,0,0,0,0,30
Al Rahman Mosque (Al Salam City),197.0,149.0,0,0,1,1,0,0,0,0,0,0,2
Al Rashaah Steps (Ring Rd.),439.0,247.0,0,3,6,6,0,0,0,0,0,0,15
Al Rawda & Al Horreya St.,66.0,18.0,1,1,0,0,0,0,0,0,0,0,2
Al Rawda Square (Al Manial),1253.0,773.0,4,4,0,0,1,1,0,0,0,0,10
Al Rayan Hospital (Maadi),3638.0,1506.0,0,2,5,5,1,1,0,0,0,0,14
Al Remaya Square,5655.0,3367.0,1,1,6,0,3,3,2,2,1,1,20
Al Saa Square,6099.0,2835.0,2,2,3,3,15,15,0,0,0,0,40
Al Sabteyya School,9439.0,7839.0,0,0,6,6,0,0,0,0,0,0,12
Al Safa Wal Marwa Mosque Steps (Ring Rd.),610.0,282.0,0,0,0,0,0,0,0,0,1,1,2
Al Saff,748.0,152.0,0,0,7,7,0,0,0,0,0,0,14
Al Safwa Hospital (Shubra),6693.0,3801.0,34,34,0,0,14,14,0,0,0,0,96
Al Safwa Mall,226.0,74.0,4,4,0,0,0,0,0,0,0,0,8
Al Sahel Fire Department,3547.0,2395.0,31,31,0,1,13,13,0,0,0,0,89
Al Sahel Police Department,17620.0,7776.0,34,34,1,1,14,14,0,0,0,0,98
Al Sahel Youth Center,5359.0,2359.0,5,5,4,4,9,9,0,0,0,0,36
Al Salam,2892.0,1248.0,3,3,5,5,0,0,0,0,0,0,16
Al Salam Center (Maadi),2095.8547003909707,1797.0,1,2,2,2,1,1,0,0,0,0,9
Al Salam First Police Station,5491.0,4071.0,4,4,2,2,0,0,0,0,0,0,12
Al Salam Hospital (Al Salam City),1337.0,1253.0,3,3,2,2,0,0,0,0,0,0,10
Al Salam International Hospital,5532.0,3464.0,5,5,9,9,4,4,0,0,0,0,36
Al Salam Mosque (Haram St.),7473.0,4145.0,4,4,4,4,3,3,1,1,0,0,24
Al Salam Mosque (Nasr City),1067.0,495.0,0,1,0,0,7,7,0,0,0,0,15
Al Salam Mosque (Wahat Rd.),230.0,142.0,0,0,5,5,0,0,0,0,0,0,10
Al Salam Tunnel Exit (Ring Rd.),305.0,305.0,0,2,0,5,0,0,0,0,0,0,7
Al Salam Tunnel Ring Rd. Entrance,160.0,132.0,2,2,2,2,0,0,0,0,0,0,8
Al Saraya Elementary School (Abbaseya),1376.0,1236.0,12,12,0,0,16,16,0,0,0,0,56
Al Saraya Mall (5th Settlement),92.0,36.0,3,3,0,0,1,0,0,0,0,0,7
Al Sawah Square,1348.0,812.0,6,6,1,0,3,3,0,0,0,0,19
Al Sawahel Canal St.,3295.1610746131055,2096.205889853304,0,0,2,2,1,1,1,1,0,0,8
Al Sawalha Complex (Al Sekka Al Hadeed St.),11879.0,8135.0,1,1,1,1,6,6,1,1,0,0,18
Al Sawy Culture Wheel,2625.0,1405.0,3,3,3,3,10,10,0,0,0,0,32
Al Sayeda Aisha,39579.914282377715,28719.0,31,32,6,6,10,10,0,0,0,0,95
Al Sayeda Khadija Mosque,940.0,616.0,3,3,0,0,10,10,0,0,0,0,26
Al Sayeda Khadija Mosque - Al Hegaz Street,2200.0,1412.0,4,4,0,0,11,11,0,0,0,0,30
Al Sayeda Nafeesa,488.0,280.0,1,1,0,0,3,3,0,0,0,0,8
Al Sayeda Safeya Mosque - Salah Salem,73.0,41.0,5,0,0,4,0,0,0,0,0,0,9
Al Sayeda Zeinab,11362.0,7122.0,16,16,2,2,16,16,0,0,0,0,68
Al Sayeda Zeinab District Presidency,737.0,633.0,8,8,0,1,7,7,0,0,0,0,31
Al Sekka (Ring Rd.),541.8772596192092,392.0,1,1,4,4,0,0,0,0,0,0,10
Al Sekka (Ring Road),817.0,201.0,1,0,6,6,0,0,0,0,0,0,13
Al Sekka Al Hadid Sporting Club - Nasr City,4208.0,2120.0,10,10,5,5,11,11,0,0,0,0,52
Al Sekka Al Hadid Sporting Club (Nasr City),7840.0,5080.0,23,23,10,10,14,14,0,0,1,1,96
Al Sewedy (Laylat Al Qadr),168.0,56.0,2,2,0,0,0,0,0,0,0,0,4
Al Shaarawy (Arbean St.),7832.0,3812.0,0,0,1,1,3,3,0,0,1,1,10
Al Shaarawy St. (Shubra Al Kheima),3739.0,2207.0,4,4,1,1,8,8,1,1,0,0,28
Al Shabab (Al Tagneed),811.0,375.0,1,1,0,0,3,3,0,0,0,0,8
Al Shabab Entrance (1st Settlement),3053.0,1505.0,8,8,0,0,12,12,0,0,0,0,40
Al Shabab Entrance (5th Settlement),207.0,99.0,2,2,0,0,1,1,0,0,0,0,6
Al Shabab Square (1st Settlement),1129.0,657.0,4,4,0,0,12,12,0,0,0,0,32
Al Shaboory Canal,4568.0,2236.0,4,4,2,2,8,8,1,1,0,0,30
Al Shabrawy (1st Settlement),1785.0,897.0,4,4,0,0,11,11,0,0,0,0,30
Al Shabrawy (Al Mansoreya Rd.),2856.0,1400.0,2,2,3,3,2,2,1,0,0,0,15
Al Shaheed Axis,93.0,65.0,2,2,0,1,0,0,0,0,0,0,5
Al Shaheed Axis Pedestrian Bridge,33.0,33.0,0,0,0,1,0,0,0,0,0,0,1
Al Shaheed Corridor,1903.0,1071.0,0,0,1,1,0,0,0,0,0,0,2
Al Shaheed Mosque (Al Marg),453.0,309.0,0,0,0,0,3,3,0,0,0,0,6
Al Shaheed Square (Obour),314.0,250.0,1,1,0,1,0,0,0,0,0,0,3
Al Shari' Al Gadeed (Bahteem),7010.0,5306.0,2,2,1,1,8,8,1,1,0,0,24
Al Sheikh Agamy (Marg),412.0,264.0,0,0,1,1,0,0,0,0,0,0,2
Al Sheikh Al Jadid St.,479.0,99.0,0,0,2,2,0,0,0,0,0,0,4
Al Sheikh Mansour,385.0,245.0,0,0,0,0,3,3,0,0,0,0,6
Al Sheikh Parking (Ahmed Helmy St.),3278.0,2154.0,1,1,5,5,2,2,0,0,0,0,16
Al Shenawy St. & Sadat St.,8554.0,7366.0,0,0,4,4,0,0,0,0,0,0,8
Al Sherif Mosque (Manial),1325.0,889.0,3,3,0,0,1,1,0,0,0,0,8
Al Shimy Car Center (Hadayeq Al Qobba),3206.0,1966.0,3,3,3,3,2,2,0,0,0,0,16
Al Shorouq,307.0,195.0,1,1,0,0,0,0,0,0,0,0,2
Al Shorouq Academy Entrance,630.0,102.0,1,1,1,0,0,0,0,0,0,0,3
Al Shorouq City Authority Steps,321.0,65.0,1,1,0,0,0,0,0,0,0,0,2
Al Shorouq Club (Nile Corniche),1665.0,1517.0,1,0,4,4,0,0,0,0,0,0,9
Al Shorouq Hospital ( 15th of May St.),8468.0,4032.0,1,1,1,0,6,6,1,1,0,0,17
Al Shorouq Housing Complex Entrance,6317.0,4225.0,0,0,1,1,6,6,0,0,0,0,14
Al Shorouq School (Shorouq City),267.0,91.0,1,1,0,0,0,0,0,0,0,0,2
Al Shorouq Water Station,395.0,91.0,1,1,0,0,0,0,0,0,0,0,2
Al Soltan Hassan Mosque,1676.0,1000.0,9,9,3,3,7,7,0,0,0,0,38
Al Souq (Al Moqattam),865.0,413.0,5,5,1,0,0,0,0,0,0,0,11
Al Taawon (Haram St),15713.0,7457.0,4,4,4,4,3,3,1,1,0,0,24
Al Taawon Gas Station (Al Shabab St. Obour),86.0,86.0,0,0,0,1,0,0,0,0,0,0,1
Al Tabba (Nasr City),11011.0,5179.0,9,9,2,2,10,10,0,0,0,0,42
Al Tadreeb Gate (Teraet Al Ismaili St),103.0,63.0,13,13,0,0,8,8,0,0,0,0,42
Al Talateeny (Al Lebeny St.),1406.0,958.0,2,2,4,4,0,0,0,0,1,1,14
Al Talbeya Steps (Ring Rd.),610.0,458.0,0,0,6,6,0,0,0,0,0,0,12
Al Tarek Al Abead & Rind Rd,271.5352406063672,0.0,0,0,7,0,0,0,0,0,0,0,7
Al Tawba Mosque (Abu Al Nomros),345.0,49.0,0,0,3,3,0,0,0,0,0,0,6
Al Tawheed Mosque (1st Settlement),1827.0,1139.0,8,8,0,0,10,10,0,0,0,0,36
Al Tawheed Mosque (Al Zaytoun),3981.0,1365.0,0,0,1,1,2,2,0,0,0,0,6
Al Tawheed Wal Nour - Al Waili,1010.0,434.0,0,2,2,2,2,2,0,0,0,0,10
Al Tawheed Wal Nour (10th of Ramadan),544.0,472.0,0,0,1,1,0,0,0,0,0,0,2
Al Tawheed Wal Nour (Abbas Al Akkad),621.0,357.0,2,0,0,0,7,7,0,0,0,0,16
Al Tawheed Wal Nour (Al Geish St.),556.0,272.0,7,7,0,0,5,5,0,0,0,0,24
Al Tawheed Wal Nour (Al Hossary),246.0,214.0,2,2,0,0,0,0,0,0,1,0,5
Al Tawheed Wal Nour (Al Nozha St.),656.0,368.0,1,0,0,0,8,8,0,0,0,0,17
Al Tawheed Wal Nour (Al Nozha St),897.0,765.0,0,2,1,1,4,4,0,0,0,0,12
Al Tawheed Wal Nour (Al Sayeda Zeinab),7901.0,4481.0,22,22,1,1,22,22,0,0,0,0,90
Al Tawheed Wal Nour (Autostrad Maadi),2799.0,1303.0,0,0,7,7,0,0,0,0,0,0,14
Al Tawheed Wal Nour (Faisal St.),495.0,95.0,0,0,0,1,1,0,0,0,0,0,2
Al Tawheed Wal Nour (Merryland),2700.0,1584.0,4,4,3,3,11,11,0,0,0,0,36
Al Tawheed Wal Nour (Mostafa Al Nahas),3913.0,2137.0,0,0,0,0,8,8,0,0,0,0,16
Al Tawheed Wal Nour (Warraq),2652.0,1360.0,2,2,2,2,3,3,1,1,0,0,16
Al Tayaran St. & Mostafa Al Nahas,11104.0,5596.0,13,13,2,2,14,14,0,0,0,0,58
Al Teraa Al Bolaqiya St.,1676.0,972.0,0,0,1,1,0,0,0,0,0,0,2
Al Thawra Hospital (Helipolis),1739.0,903.0,0,1,0,0,7,7,0,0,0,0,15
Al Tibeen,5086.0,2474.0,1,1,2,2,0,0,0,0,0,0,6
Al Torgoman,964.0,628.0,0,0,3,3,0,0,0,0,0,0,6
Al Wafaa Wal Amal City,956.0,652.0,2,2,0,0,1,1,0,0,0,0,6
Al Wagih Center (6th of October),586.0,230.0,2,2,0,0,0,0,0,0,0,0,4
Al Waha Compound (Shorouq City),161.0,65.0,1,1,0,0,0,0,0,0,0,0,2
Al Wahab Mosque St. (Marg),1360.0,728.0,0,0,1,1,0,0,0,0,0,0,2
Al Ward St & Mansoureyya Rd.,345.0,105.0,0,0,1,1,0,0,0,0,0,0,2
Al Warraq Central Hospital,2527.0,1703.0,3,3,0,0,0,0,0,0,0,0,6
Al Warraq Exit (Ring Rd.),204.0,80.0,1,1,4,4,0,0,1,0,0,0,11
Al Warraq Ferry,7147.0,3011.0,2,2,2,2,3,3,1,1,0,0,16
Al Warraq Station,29604.0,14932.0,2,2,2,2,3,3,1,1,0,0,16
Al Warraq Water Station,40.0,40.0,0,1,0,0,0,0,0,0,0,0,1
Al Wehda (Imbaba),15226.0,8638.0,3,3,6,6,0,0,0,0,0,0,18
Al Wehda Square,100.0,80.0,2,2,0,0,0,0,0,0,0,0,4
Al Wekala (Nile Courniche),5778.0,3046.0,6,6,4,4,2,2,0,0,0,0,24
Al Yasmin Compound North,88.0,0.0,0,0,3,0,0,0,0,0,0,0,3
Al Yasmine Compound (6th of October),169.0,129.0,0,0,4,4,0,0,0,0,0,0,8
Al Yasmine Compound Gate 3 (Sheikh Zayed),56.0,20.0,1,1,0,0,0,0,0,0,0,0,2
Al Zaeem (Rashah),131.0,19.0,1,1,0,0,0,0,0,0,0,0,2
Al Zahraa & Al Bewehy St. (Alf Maskan),17681.0,13109.0,0,0,3,3,0,0,0,0,0,0,6
Al Zawya Al Hamra,19889.0,12765.0,4,4,3,3,10,10,0,0,0,0,34
Al Zohour Nursery (Sheikh Zayed),29.0,5.0,1,1,0,0,0,0,0,0,0,0,2
Alex Bank (Al Hegaz),1085.0,665.0,3,3,0,0,11,11,0,0,0,0,28
Alex Bank (Gameat Al Dowal St.),1403.0,523.0,2,2,3,3,3,3,0,0,0,0,16
Alexandria Desert Rd. Steps (26th of July Corrdior),1892.0,980.0,5,5,12,12,0,0,0,0,0,0,34
Alf Maskan,53744.0,36456.0,8,8,19,19,10,10,1,0,1,0,76
Alf Masnaa,1019.0,299.0,1,1,0,0,0,0,0,0,0,0,2
Alfa Lab (Al Manial),792.0,408.0,4,4,0,0,1,1,0,0,0,0,10
Alfa Market (Nile Corniche),1135.0,719.0,0,0,5,5,0,0,0,0,0,0,10
Ali Abdel Halim St. & Tahrir St.,574.0,326.0,11,11,0,0,0,1,0,0,0,0,23
Ali Al Sheikh Tower (Abboud),3592.0,2400.0,3,3,5,5,0,0,0,0,0,0,16
Ali Basha St. & Al Qalaa St.,1984.0934787151039,1485.0,13,14,2,2,2,2,0,0,0,0,35
Almaza Bridge Entrance,521.0,481.0,0,1,7,7,0,3,0,0,0,0,18
Almaza Bridge Exit,1681.0,1197.0,2,2,5,5,3,3,0,0,0,0,20
American University in Cairo (AUC) Gate 1 (New Cairo),466.0,402.0,3,3,0,0,0,0,0,0,0,0,6
Americana Plaza Mall,2771.0,1995.0,3,3,0,0,0,0,0,0,0,0,6
Amin Hamada St & Petroleum St.,349.0,189.0,0,0,0,0,3,3,0,0,0,0,6
Amir Al Shoaraa School (Al Giza),863.0,491.0,14,14,3,0,5,5,0,0,0,0,41
Amir Mall (Khaloussi),1302.0,714.0,30,30,0,0,7,7,0,0,0,0,74
Amiriyyah,3555.0,2427.0,4,4,0,0,0,0,0,0,0,0,8
Ammar Bin Yasser School (Al Moqattam),855.0,499.0,4,4,0,0,0,0,0,0,0,0,8
Amoun Fountain (Obour),182.0,86.0,1,0,0,1,0,0,0,0,0,0,2
Amr Ibn Al Aas School (Sheikh Zayed),87.0,15.0,1,1,0,0,0,0,0,0,0,0,2
Anas Al Wogood Borg (Badrasheen),3318.0,2526.0,0,0,1,1,0,0,0,0,0,0,2
Antidote and Vacince (Mohandeseen),2239.0,1923.0,1,0,2,2,1,0,1,1,0,0,8
Arab African Bank (Haram St.),284.0,156.0,4,4,0,0,3,0,1,0,0,0,12
Arab Contractors Sporting Club - Nasr Road,2834.0,2162.0,8,8,8,8,3,3,0,0,0,0,38
Arab Contractors Sporting Club (Nasr Rd.),872.0,584.0,8,8,6,6,3,3,0,0,0,0,34
Arab Engineering & Construction Company (Shubra Al Kheima),10140.0,6476.0,4,4,2,2,8,8,1,1,0,0,30
Arab Investment Bank (Faisal St.),403.0,123.0,0,0,0,0,1,1,0,0,0,0,2
Arab Maadi,13270.584821182016,8703.0,1,2,5,5,1,1,0,0,0,0,15
Arab Specialized Hospital (Gesr Al Suez),16092.0,10712.0,8,8,8,8,10,10,1,0,0,0,53
Arab Tuweila,8642.0,5850.0,0,0,2,2,1,1,2,0,1,1,10
Arabella Square,1351.0,615.0,5,5,1,0,0,1,0,0,0,1,13
Aramex (10th of Ramadan),3072.0,2832.0,0,0,1,1,0,0,0,0,0,0,2
Arayes (Maadi),1128.0,824.0,0,0,1,1,0,0,0,0,0,0,2
Ard El Lewaa,5610.0,2622.0,0,0,2,2,0,0,0,0,0,0,4
Ard Khedr Pedestrian Bridge (Shubra Al Kheima),19765.0,11957.0,8,8,9,9,0,0,2,2,0,0,38
Arkadia Mall,243.0,135.0,5,5,8,8,2,2,0,0,0,0,30
Armed Forces Medical Complex (Kobry Al Qobba),2977.0,1917.0,9,9,8,8,28,28,0,0,0,0,90
Arts Academy (Al Omraneyya ),3080.0,1312.0,4,4,0,0,7,7,0,0,0,0,22
Asfour Mosque ( Ibrahim Bek ),679.0,343.0,5,5,0,0,0,0,0,0,0,0,10
Ashrafco Tyres (Nasr City),561.0,329.0,19,19,0,0,0,0,0,0,0,0,38
Asmarat,728.0,396.0,2,2,0,0,0,0,0,0,0,0,4
Aswan Pedestrian Bridge (Shubra Al Kheima),4858.0,2634.0,13,13,4,4,8,8,0,0,0,0,50
Ataba,14939.0,8331.0,19,19,3,3,9,9,0,0,0,0,62
Atfal Misr Hospital ( Abou Al Reesh ),246.0,78.0,10,0,1,0,10,10,0,0,0,0,31
AUC Bus Station,1936.0,408.0,2,2,0,0,0,0,0,0,0,0,4
Audi Bank ( Salah Salem St. ),1203.0,491.0,5,5,5,5,8,8,0,0,0,0,36
Audi Bank (Salah Salem),1160.0,628.0,0,0,4,0,6,6,0,0,0,0,16
Autostrad & Al Moneeb Axis,6036.0,2884.0,10,10,9,9,1,1,0,0,0,0,40
Autostrad Entrance from Al Abageyya,983.0,623.0,9,9,9,9,0,1,0,0,0,0,37
Autostrad Entrance from Al Maasra,1011.0,427.0,0,0,7,7,0,0,0,0,0,0,14
Autostrad Pedestrian Al Shaq,1249.0,1141.0,0,0,7,7,0,0,0,0,0,0,14
Autostrad Tunnel,331.0,295.0,0,0,7,7,0,1,0,0,0,0,15
Awlad Ragab Plumbing (6th of October),401.0,129.0,0,0,4,4,0,0,0,0,0,0,8
Awlad Sokkar St. & Bigam Rd.,4600.0,3204.0,0,0,2,2,1,1,0,0,0,0,6
Awwal Abbas Al Akkad,26489.33620304491,14875.0,6,6,10,10,26,26,0,0,0,0,84
Awwal Makram Ebeid,17982.579686078072,13092.482550775538,2,2,10,10,21,21,0,0,0,0,66
Awwel Al Eshreen (Zenin),10717.0,6961.0,0,0,3,3,2,2,0,0,0,0,10
Awwel Al Zawya,456.0,236.0,7,7,0,0,4,4,0,0,0,0,22
Awwel Al Zawya Bus Station,3408.0,2048.0,3,3,1,1,2,2,0,0,0,0,12
Awwel El Zawya Station,1501.0,569.0,5,5,0,0,2,2,0,0,0,0,14
Azhar University City for Boys,2930.0,1766.0,18,18,0,0,0,0,0,0,0,0,36
Azhari Institute,152.0,0.0,0,0,0,0,0,0,0,0,0,1,1
Azhari Institute (Ahmed Helmy St.),5357.0,4305.0,1,1,5,5,0,0,0,0,0,0,12
B Tech (Ahmed Oraby St),4205.0,2693.0,6,6,4,4,7,7,1,0,0,0,35
Bab Al Fotouh ( Al Gamalia ),629.0,169.0,3,3,1,0,2,2,0,0,0,0,11
Bab Al Karim Mosque - Nahya,1735.0,935.0,0,0,1,1,0,0,0,0,0,0,2
Bab Al Karim Mosque (Nahya),12058.0,5338.0,0,0,1,1,0,0,0,0,0,0,2
Bab Al Khalq ( Qalaa St. ),867.0,639.0,11,11,0,1,0,2,0,0,0,0,25
Bab Al Nasr ( Al Gamalia ),453.0,229.0,3,3,1,0,2,2,0,0,0,0,11
Bab Al Shaaria Square,12084.265758306965,7573.0,24,25,0,0,21,21,0,0,0,0,91
Bab Al Shaereyya Girls Elementary School,3138.8464697090085,1556.0,21,22,0,0,22,22,0,0,0,0,87
Bab Al Shaereyya Hospital,2497.5139168509113,900.0,21,22,0,0,22,22,0,0,0,0,87
Bab Al Sheareyya Metro,529.0,77.0,8,8,0,0,5,0,0,0,0,0,21
Badr,2092.0,880.0,1,1,1,1,0,0,0,0,0,0,4
Badr Land,1822.0,646.0,3,3,3,3,4,4,1,0,0,0,21
Badr Pharmacy (Helwan Corniche),1054.0,714.0,1,1,2,2,0,0,0,0,0,0,6
Badr Station (Sheikh Zayed),998.0,182.0,1,1,0,0,0,0,0,0,0,0,2
Badrasheen Bus Station,2310.0,1050.0,0,0,1,1,0,0,0,0,0,0,2
Bahteem,2921.0,745.0,2,2,6,6,0,0,0,0,0,0,16
Bahteem Specialized Hospital For Surgery,6933.0,4213.0,0,0,0,0,8,8,0,0,0,0,16
Bahteem Square,1601.0,1137.0,0,0,0,0,8,8,0,0,0,0,16
Bank Al Etihad (South Teseen St.),12.0,0.0,0,0,0,0,1,0,0,0,0,0,1
Banque Misr (Abbas Al Akkad),1268.0,556.0,2,2,0,0,7,7,0,0,0,0,18
Banque Misr (Aghakhan),12277.0,6697.0,9,9,6,6,0,0,1,1,0,0,32
Barageel St.,774.0,518.0,0,0,1,1,0,0,0,0,0,0,2
Barageel St. (Ring Rd.),360.0,52.0,0,0,1,1,0,0,0,0,0,0,2
Baron Mall Pedestrian Bridge (Ring Rd.),8.0,0.0,1,0,0,0,0,0,0,0,0,0,1
Basateen,4963.460707320064,3889.0,11,12,0,1,4,4,0,0,0,0,32
Basateen Police Station,5346.0,2922.0,3,3,1,1,2,2,0,0,0,0,12
Basateen Steps (Ring Rd.),739.0,339.0,1,0,4,4,0,0,0,0,0,0,9
Basha Square (Manial),1837.0,1245.0,4,4,0,0,1,1,0,0,0,0,10
Bashayer,127.0,127.0,0,0,0,0,0,0,0,0,1,0,1
Bashayer Entrance (6th of October),498.0,178.0,0,0,0,0,0,0,0,0,1,1,2
Bashteel (Ring Rd.),656.0,128.0,1,0,5,5,0,0,0,0,0,0,11
Bashtil,12438.0,7298.0,1,0,1,1,4,4,0,0,0,0,11
Bashtil El Balad,2859.0,1479.0,0,0,2,2,0,0,0,0,0,0,4
Basrawy,21740.0,10028.0,0,0,2,2,0,0,0,0,0,0,4
Batrawy (Abbas Al Akkad),2215.0,787.0,2,2,0,0,7,7,0,0,0,0,18
Bayt Al Karam Al Shamy (Haram St.),5074.0,4322.0,4,4,4,4,3,3,1,1,0,0,24
Bein Al Sarayat Youth Center,9.0,9.0,0,1,0,0,0,0,0,0,0,0,1
Beirut Square (  Korba ),556.0,348.0,3,3,0,0,11,11,0,0,0,0,28
Berm Al Tounsi St ( Abou Al Reesh ),890.0,786.0,6,6,0,0,5,5,0,0,0,0,22
Bigam,11778.0,6446.0,0,0,1,1,0,0,0,0,0,0,2
Bisco Misr (Al Zaytoun),10597.0,5549.0,9,9,3,3,11,11,0,0,0,0,46
Bloom Bank (South Teseen St.),717.0,377.0,6,6,0,0,0,1,0,0,0,0,13
Board of Trustees (6th of October),226.0,226.0,0,0,0,5,0,0,0,0,0,0,5
Bohooth,8177.0,4553.0,11,11,3,3,1,1,0,0,0,0,30
Bonook (5th Settlement),1584.0,672.0,4,4,0,0,0,0,0,0,0,0,8
Brazil St. & 26th of July,2479.0,1259.0,3,3,0,0,10,10,0,0,0,0,26
Btech (Masr Wal Sudan St.),3861.0,2125.0,6,6,0,0,5,5,0,0,0,0,22
Bulaq Dakrur,11736.0,5352.0,15,15,7,7,3,3,0,0,0,0,50
Cairo Airport,8881.0,5673.0,8,8,0,0,1,1,0,0,0,0,18
Cairo Airport Station,1654.0,738.0,8,8,0,0,0,0,0,0,0,0,16
Cairo Alexandria Agriculture Road Pedestrian Mit Nama,3225.0,997.0,7,7,9,9,0,0,1,1,0,0,34
Cairo Club (Opera St.),265.0,89.0,12,12,0,0,0,0,0,0,0,0,24
Cairo Economic Court  (Ring Rd.),14.0,14.0,0,6,0,0,0,0,0,0,0,0,6
Cairo Economic Court (Ring Rd.),56.0,40.0,8,8,0,0,0,0,0,0,0,0,16
Cairo Fair Metro,2606.0,1442.0,5,5,7,7,7,7,0,0,0,0,38
Cairo Festival City (South Teseen St.),995.0,323.0,7,7,0,0,1,1,0,0,0,0,16
Cairo Security Directorate,9516.291113266943,6301.0,37,38,2,2,24,24,0,0,0,0,127
Cairo Stadium,424.0,268.0,3,0,0,0,4,4,0,0,0,0,11
Cairo University (Sheikh Zayed),1949.0,885.0,0,1,0,0,0,0,0,0,2,2,5
Cairo University Bridge,5592.0,3548.0,22,22,1,0,15,15,0,0,0,0,75
Cairo University Main Gate,6622.0,3994.0,22,22,4,4,16,16,1,1,0,0,86
Cairo University Metro,13939.0,7539.0,2,2,11,11,4,4,0,0,0,0,34
Car Market (Nasr City),2571.0,1239.0,0,1,2,2,6,6,0,0,0,0,17
Carrefour (Al Gazaer St.),1025.9866182367664,349.0,8,9,2,2,2,2,0,0,0,0,25
Carrefour (Obour),249.0,185.0,1,1,0,1,0,0,0,0,0,0,3
Carrefour (Ring Rd.),3793.0,1941.0,8,8,6,6,0,0,0,0,1,1,30
Carrefour (Shorouq City),272.0,208.0,1,1,0,0,0,0,0,0,0,0,2
Carrefour (Tora),809.0,237.0,0,0,4,4,0,0,0,0,0,0,8
Carrefour Maadi,211.0,87.0,0,0,2,2,0,0,0,0,0,0,4
Catholic Cemetery ( Misr Al Qadima ),588.0,372.0,5,5,0,0,1,1,0,0,0,0,12
Cemeteries (Maadi),124.0,0.0,4,0,0,0,0,0,0,0,0,0,4
Center Cairo Governorate Information Networks,80.0,0.0,0,0,2,0,0,0,0,0,0,0,2
Centeral Al Fustat,385.0,249.0,2,0,2,2,1,0,0,0,0,0,7
Centeral Al Matariya,3106.0,1474.0,0,0,0,0,0,0,3,3,0,0,6
Centeral Heliopolis (Gesr Al Suez),860.0,476.0,0,2,4,4,2,2,0,0,0,0,14
Central Agency for Public Mobilization and Statistics,2191.0,1491.0,5,5,4,4,8,8,0,0,0,0,34
Central Agency for Public Moblization and Statistics,1749.0,1285.0,4,4,0,5,8,8,0,0,0,0,29
Central Bank (Ataba),504.0,28.0,1,1,0,0,0,0,0,0,0,0,2
Central Park (Badr),372.0,164.0,1,1,1,1,0,0,0,0,0,0,4
Ceramica Cleopatra (Sheikh Zayed),321.0,245.0,5,5,10,10,0,0,0,0,0,0,30
Child Care Club Association - Al Sayeda Zeinab,1889.0,889.0,8,8,1,1,7,7,0,0,0,0,32
CIB (Al Hegaz),1519.0,943.0,3,0,2,2,9,9,0,0,0,0,25
CIB (South Teseen St.),3904.0,2088.0,7,7,1,1,1,1,0,0,0,0,18
CIC - Sheikh Zayed,1428.0,1064.0,0,0,0,0,0,0,0,0,1,1,2
City Mall (Shorouq City),260.0,236.0,0,0,1,1,0,0,0,0,0,0,2
City Stars Mall,12436.0,7704.0,3,3,2,2,7,7,0,0,0,0,24
Civil Registry (Haram),7929.0,3669.0,4,4,4,4,3,3,1,1,0,0,24
Civil Registry (Imbaba),2549.0,1601.0,7,7,6,6,2,2,1,1,0,0,32
Concord Al Salam Hotel (Gesr Al Suez),1064.0,628.0,8,8,6,6,10,10,0,1,0,0,49
Concord Plaza (5th Settlement),481.0,333.0,3,3,0,0,0,0,0,0,0,0,6
Conrad Hotel,246.0,214.0,6,6,0,0,0,2,0,0,0,0,14
Constitutional Court,24.0,0.0,4,0,0,0,0,0,0,0,0,0,4
Coop (Nasr Al Islam Square),260.0,116.0,0,0,0,0,2,2,0,0,0,0,4
Coop Gas Station (Cairo Airport),569.0,333.0,7,7,0,0,0,0,0,0,0,0,14
Coop Gas Station (Helwan Corniche),65.0,13.0,1,1,2,0,0,0,0,0,0,0,4
Coop Gas Station (Om Bayoumi),116.0,76.0,3,3,0,0,0,0,0,0,0,0,6
Coptic Hospital,5427.0,3107.0,23,23,8,8,29,29,0,0,0,0,120
Cottonil Factory - Gesr Al Suez,94.0,78.0,2,2,0,0,0,0,0,1,0,0,5
Credit Agricole (Al Mansoreya Rd.),204.0,72.0,1,0,1,0,3,3,0,1,0,0,9
Criminal Evidence Registery (Abbaseya),6107.0,4351.0,22,22,7,7,22,22,0,0,0,0,102
Criminal Investigation Department  (Al Maadi Company St.),1126.0,586.0,4,4,1,0,1,1,0,0,0,0,11
Criminal Investigation Department (Al Maadi Company St.),704.0,500.0,6,6,0,1,1,0,0,0,0,0,14
Crystal Asfour ( Masaken Al Wehda ),10446.0,6038.0,10,10,1,0,6,6,1,1,0,0,35
CTA Garage (Heliopolis),3017.0,1445.0,1,0,2,2,2,2,0,0,0,0,9
Czesch Republic Embassy (Dokki),2481.0,1849.0,4,4,1,0,3,3,1,1,0,0,17
Dabsha ( Al Zaytoun),6466.0,4250.0,10,10,2,2,10,10,0,1,0,0,45
Dabsha (Al Zaytoun),2639.0,1515.0,10,10,2,2,8,8,0,0,0,0,40
Dandy Mall,2076.0,572.0,0,0,2,2,0,0,0,0,0,0,4
Dar Al Foad Hospital (6th of October),722.0,706.0,4,4,0,5,0,0,0,0,0,0,13
Dar Al Mohandeseen Club (Helwan),873.0,333.0,0,0,1,1,0,0,0,0,0,0,2
Dar Al Mona (Alexandria Desert Rd.),226.0,226.0,0,0,0,3,0,0,0,0,0,0,3
Dar Al Salam,2586.0,1030.0,0,0,9,9,0,0,0,0,0,0,18
Dar Al Salam Police Station,1444.5558432666257,1570.0,4,5,4,4,4,4,0,0,0,0,25
Dar El Salam,8571.0,4983.0,0,0,2,2,0,0,0,0,0,0,4
Dar Misr Square (Shorouq City),154.0,26.0,1,1,0,0,0,0,0,0,0,0,2
Darb 1718,801.0,721.0,0,1,0,0,1,1,0,0,0,0,3
Darb Al Saqia ( Manshiyat Nasser ),2891.0,1511.0,6,6,9,9,4,4,0,0,1,0,39
Dawaran Shubra,873.0,605.0,1,1,0,0,2,2,0,0,0,0,6
Degla Azhari Language School (Zahraa Al Maadi),186.0,138.0,0,0,0,0,1,1,0,0,0,0,2
Diamonds Mall (6th of October),2210.0,1490.0,4,4,4,4,0,0,0,0,1,1,18
Didi Mall (1st Settlement),403.0,267.0,8,8,0,0,10,10,0,0,0,0,36
Doctors Tower (Nasr City),14430.0,8426.0,14,14,1,1,16,16,0,0,0,0,62
Documentation Center (Bolak),453.0,397.0,6,6,0,4,0,2,0,0,0,0,18
Dokki,702.0,446.0,4,4,0,0,1,0,0,0,0,0,9
Dokki Metro,2135.0,1635.0,13,13,0,0,1,1,0,0,0,0,28
Dokki Square,3574.0,2038.0,13,13,1,0,0,1,0,0,0,0,28
Dolce,694.0,258.0,0,0,4,4,0,0,0,0,0,0,8
Dolphin Mall,174.0,46.0,4,4,6,0,0,0,0,0,0,0,14
Dorat Al Karaz Mall,1606.0,466.0,3,3,0,0,0,0,0,0,0,0,6
Downtown Mall,1559.0,1139.0,7,7,0,0,1,0,0,0,0,0,15
Dreamland,1326.0,190.0,0,0,5,5,0,0,0,0,0,0,10
Dusit Hotel,1317.0,725.0,3,3,0,0,0,0,0,0,0,0,6
Duty Free (Gameat Al Dowal St.),5254.0,2750.0,2,2,3,3,3,3,0,0,0,0,16
Dwidar St. & Hadayeq Al Qobba St.,2006.0,1086.0,6,6,0,0,5,5,0,0,0,0,22
East Bulaq Dakrur (Nahya),13650.0,7622.0,8,8,6,6,3,3,0,0,0,0,34
Eastern Gate Obour Market,278.0,90.0,1,1,1,1,0,0,0,0,0,0,4
Eastern Weavers (Al Moqattam),1305.0,481.0,5,5,2,2,0,0,0,0,0,0,14
Education Directorate (Helwan),910.0,546.0,1,0,4,4,0,0,0,0,0,0,9
Egypt Air Hospital,1168.0,760.0,1,1,5,5,3,3,0,0,0,0,18
Egypt Air Steps (Ring Rd.),691.0,391.0,0,0,6,6,0,0,0,0,0,0,12
Egyptian Agricultural Bank (Al Giza),5433.0,2393.0,15,15,4,4,7,7,1,0,0,0,53
Egyptian Media Production City,447.0,171.0,0,0,5,5,0,0,0,0,0,0,10
Egyptian Parlimant,11341.0,7277.0,7,7,2,2,8,8,0,0,0,0,34
Egyptian Russian University,340.0,136.0,1,1,1,0,0,0,0,0,0,0,3
Egyptian Russian University - East,24.0,0.0,1,0,0,0,0,0,0,0,0,0,1
Egyptian Shooting Club Pedestrian Tunnle (Qattameya),1841.0,1305.0,4,4,6,6,0,0,0,0,0,0,20
Egyptian Telecom Club (Autostrad Maadi),734.0,282.0,0,0,7,7,0,0,0,0,0,0,14
El Kafr (Birak Al Khiyam),2256.0,1504.0,0,0,1,1,0,0,0,0,0,0,2
El Warsha (Ezbet Al Nakhl),2768.0,208.0,1,1,1,0,0,0,0,0,2,2,7
Elecrticity Hospital (Suez Rd),9482.0,5330.0,3,3,7,7,10,10,0,0,0,0,40
Emad El Deen St. & 26th of July St.,7135.0,2855.0,16,16,0,0,4,4,0,0,0,0,40
Emad Market (6th of October),150.0,46.0,2,2,0,0,0,0,0,0,0,0,4
Enppi,9088.0,5280.0,0,0,2,2,8,8,0,0,0,0,20
Epx Logistics For Transportation And Warehousing (Obour),45.0,13.0,1,1,0,0,0,0,0,0,0,0,2
Experimental School (Bahteem),1355.0,803.0,0,0,0,0,8,8,0,0,0,0,16
Export Development Authority (6th of October),60.0,28.0,2,2,0,0,0,0,0,0,0,0,4
Ezbet Al Baydaa Steps (Ring Rd.),6148.0,2948.0,3,3,6,6,0,0,0,0,0,0,18
Ezbet Al Mofti Steps (Ring Rd.),72.0,28.0,0,1,6,0,0,0,0,0,0,0,7
Ezbet Al Nakhl,11051.0,4767.0,2,2,2,2,5,5,1,1,0,0,20
Ezbet Kheirallah Steps 1 (Ring Rd.),24.0,0.0,2,0,0,0,0,0,0,0,0,0,2
Ezbet Kheirallah Steps 2 (Ring Rd.),78.0,46.0,1,1,0,0,0,0,0,0,0,0,2
Ezbet Kheirallah Steps 3 (Ring Rd.),1022.0,518.0,2,2,0,5,0,0,0,0,0,1,10
Ezbet Makar Bridge,334.0,262.0,0,0,1,1,0,0,0,0,0,0,2
Faculty of Agriculture - Ain Shams University,10421.0,5705.0,23,23,3,3,4,4,1,0,0,0,61
Faculty of Agriculture (Cairo University),1643.0,1067.0,19,19,0,0,12,12,0,1,0,0,63
Faculty of Commerce (Cairo University),473.0,329.0,3,3,4,4,4,4,0,0,0,0,22
Faculty of Dentistry - Modern Academy,441.0,265.0,4,4,0,0,0,0,0,0,0,0,8
Faculty of Engineering - Cairo University (Sheikh Zayed),123.0,123.0,0,0,0,0,0,0,0,0,1,0,1
Faculty of Engineering (Al Azhar University),285.0,285.0,0,2,0,1,0,0,0,0,0,0,3
Faculty of Engineering (Cairo University),1402.0,914.0,22,22,0,4,16,16,0,0,0,0,80
Faculty of Medicine - Ain Shams University,602.0,478.0,18,18,0,0,26,26,0,0,0,0,88
Faculty of Pharmacy - Modern Academy,500.0,128.0,4,4,0,0,0,0,0,0,0,0,8
Faisal,82.0,82.0,0,0,0,0,0,1,0,0,0,0,1
Faisal Bank (Othman Bin Affan St.),1643.0,1071.0,8,8,0,0,13,13,0,0,0,0,42
Faisal Islamic Bank ( Tahrir St),963.0,547.0,10,10,0,0,1,1,0,0,0,0,22
Faisal Islamic Bank (Tahrir St.),753.0,601.0,11,11,0,1,1,0,0,0,0,0,24
Faisal St.,1092.0,492.0,0,0,0,0,1,1,0,0,0,0,2
Faisal Tawabek,3053.0,645.0,0,0,1,1,1,1,0,0,0,0,4
Falcon School (Shorouq City),32.0,0.0,1,0,0,0,0,0,0,0,0,0,1
Family Land (6th of October),89.0,89.0,0,0,0,0,0,0,0,0,1,0,1
Farghali Realestate in Bashayer,755.0,299.0,2,2,0,0,0,0,0,0,0,0,4
Farhety Hall (Port Said St.),1653.0,945.0,5,5,0,0,4,4,0,0,0,0,18
Farouq Corner Musuem (Helwan),2273.0,865.0,1,1,6,6,0,0,0,0,0,0,14
Farouq Square (Maadi),4327.0,1811.0,1,1,2,2,0,1,0,0,0,0,7
Fatma Al Sharbatly Mosque,256.0,184.0,1,1,0,0,0,0,0,0,0,0,2
Fayda Kamel,19493.0,13005.0,0,0,2,2,0,0,0,0,0,0,4
Ferdous (Rod Al Farag),1887.0,1055.0,1,1,0,0,2,2,0,0,0,0,6
Fiat Service Center (Obour),252.0,172.0,1,0,0,1,0,0,0,0,0,0,2
Filfil Mosque (Bashtil),216.0,216.0,0,0,0,1,0,0,0,0,0,0,1
Fom Al Khalig,4637.0,3537.0,21,21,5,5,13,13,0,0,0,0,78
Fom Al Khalig Police Station,528.0,408.0,10,10,1,1,0,0,0,0,0,0,22
Free Zone (Nasr City),2865.0,1541.0,4,4,0,0,1,1,0,0,0,0,10
Fustat Market,2692.0,2024.0,5,5,0,0,1,1,0,0,0,0,12
Future University in Egypt (FUE),681.0,421.0,3,3,1,1,0,0,0,0,0,0,8
Galaa Bridge Exit to Dokki,1285.0,877.0,12,12,0,0,0,0,0,0,0,0,24
Galal Motors (Basateen),2530.0,474.0,3,3,1,0,4,4,0,0,0,0,15
Galleria 40,378.0,270.0,4,4,4,4,0,0,0,0,0,0,16
Gamaa St. (Obour),55.0,39.0,1,1,0,0,0,0,0,0,0,0,2
Gamal Abd Al Nasser Metro,19406.0,14206.0,37,37,6,6,11,11,0,0,0,0,108
Gamal Abd Al Nasser Square (5th Settlement),284.0,108.0,5,5,1,0,1,0,0,0,0,0,12
Gamal Abd Al Nasser Steps (Ring Rd.),822.6433447034813,438.94258488384173,1,0,6,6,0,0,0,1,0,0,14
Gamal Al Din Al Banna St. & Al Checheeny St.,2586.0,1874.0,0,0,6,6,0,0,0,0,1,1,14
Gardenia (Cairo Suez Rd.),430.0,278.0,1,1,0,0,1,1,0,0,0,0,4
Gardenia Heights (5th Settlement),510.0,414.0,1,1,0,0,0,0,0,0,0,0,2
Gas (5th Settlement),1304.0,856.0,3,3,0,0,1,1,0,0,1,1,10
Gas Tech Gas Station ( Faisal St.),4554.0,1694.0,0,0,1,1,1,1,0,0,0,0,4
General Company for Land Reclamation,1192.0,616.0,0,0,1,1,0,0,0,0,0,0,2
Gesr Al Suez - Taha Hussein,472.0,240.0,2,2,0,0,0,3,1,1,0,0,9
Gesr Al Suez (Al Qobba),4537.0,2625.0,0,3,7,7,13,13,0,0,0,0,43
Gesr El Suez Garage Station,2845.0,2013.0,5,5,0,2,5,5,0,0,0,0,22
Ghamra,15429.0,9573.0,27,27,7,7,33,33,0,0,0,0,134
Ghamra Bridge Entrance,410.0,274.0,5,5,0,0,4,4,0,0,0,0,18
Ghamra Bridge Exit to Cairo University,457.0,81.0,5,5,0,0,4,0,0,0,0,0,14
Girls' College - Ain Shams University,5293.0,3181.0,1,1,2,2,9,9,0,0,0,0,24
Giza Bridge Exit to Cairo University,10181.0,6605.0,19,19,4,4,12,12,2,2,0,0,74
Giza Courthouse Complex,14674.0,7698.0,15,15,3,3,7,7,0,0,0,0,50
Giza Directorate of Health Affairs,1278.0,750.0,4,4,4,4,1,0,0,0,0,0,17
Giza Governorate Authority,454.0,410.0,0,4,0,2,3,3,0,1,0,0,13
Giza Helwan Bus Station,12408.0,8244.0,3,3,5,5,2,2,0,0,0,0,20
Giza Metro,1536.0,480.0,0,0,4,4,0,0,0,0,0,0,8
Giza Park (Bashtil),5686.0,3254.0,0,0,2,2,0,0,0,0,0,0,4
Giza Square,33495.0,18735.0,21,21,11,11,15,15,2,2,0,0,98
Gladios Garden Compound,113.0,113.0,0,0,0,3,0,0,0,0,0,0,3
Golf Square (5th Settlement),16.0,0.0,2,0,0,0,0,0,0,0,0,0,2
Greek Hospital,2449.0,1677.0,12,12,0,0,16,16,0,0,0,0,56
Green Hills Club,90.0,26.0,1,1,0,0,0,0,0,0,0,0,2
Hadaba Wosta (Moqattam),1220.0,796.0,2,2,0,0,0,0,0,0,0,0,4
Hadayek Al Ahram Gate 3,44.0,0.0,0,0,1,0,0,0,0,0,0,0,1
Hadayek Al Qobba,6103.0,3507.0,12,12,4,4,12,12,0,0,0,0,56
Hadayek Al Qobba Police Station,10924.0,6940.0,4,4,1,1,0,0,0,0,0,0,10
Hadayek Al Qobba Youth Center,5018.0,2594.0,8,8,5,5,8,8,0,0,0,0,42
Hadayeq Al Qobba Police Station,1595.0,995.0,5,5,3,0,0,1,0,0,0,0,14
Hadayeq Al Zaytoun School (Al Matareyya St.),9645.0,6129.0,5,5,3,3,6,6,0,0,0,0,28
Hall 3 - Cairo Airport,1646.0,990.0,7,7,0,0,1,1,0,0,0,0,16
Hall 4 - Cairo Airport,501.0,301.0,7,7,0,0,1,1,0,0,0,0,16
Haram & Marioteya,5491.0,3179.0,2,2,2,2,1,1,0,0,0,0,10
Haram Mashaal,5833.0,2693.0,2,2,5,5,3,3,1,1,0,0,22
Haram Mashaal (Al Mansoreya Rd.),964.0,632.0,2,2,0,0,2,2,1,1,0,0,10
Haram St. & Talbeya,782.0,606.0,4,4,0,2,3,3,1,1,0,0,18
Haram Talbeya,8743.0,5587.0,4,4,4,4,3,3,1,0,0,0,23
Haram Tunnel (Al Lebeny St.),3157.0,2217.0,2,2,4,4,1,1,0,0,0,1,15
Hareer St. (Helwan),1820.0,1180.0,0,0,6,6,0,0,0,0,0,0,12
Hazem Hassan Consulting (Alexandria Desert Rd.),216.0,0.0,0,0,5,0,0,0,0,0,0,0,5
Health Affairs Directorate - 6th of October,60.0,24.0,1,1,0,0,0,0,0,0,0,0,2
Health Insurance Hospital (Nasr City),1329.0,1121.0,0,2,0,0,8,8,0,0,0,0,18
Hearing and Speech Institute (Imbaba),2123.0,1211.0,13,13,5,5,5,5,0,0,0,0,46
Heliopolis Courthouse Complex,9003.0,6759.0,11,11,4,4,14,14,0,0,0,0,58
Heliopolis Hospital,1954.0,1402.0,3,3,0,2,9,9,0,0,0,0,26
Heliopolis Sporting Club,499.0,371.0,0,4,0,0,12,12,0,0,0,0,28
Heliopolis Square,2536.0,1648.0,7,7,2,2,10,10,0,0,0,0,38
Helmeyet El Zaitoun Metro,5719.0,4459.0,0,2,2,2,6,0,0,0,0,0,12
Helwan Post Office,4740.0,2284.0,0,0,2,2,0,0,0,0,0,0,4
Helwan Station,19441.0,12305.0,0,0,8,8,0,0,0,0,0,0,16
Helwan University,96.0,0.0,0,0,8,0,0,0,0,0,0,0,8
Herafyeen Bridge Exit,385.0,249.0,4,4,6,6,0,2,0,0,0,0,22
Higher Institute For Hotels & Tourism (Sheraton),3476.0,1304.0,1,1,0,0,9,9,0,0,0,0,20
Higher Institute Of Marketing Commerce & Information Systems,7553.0,3329.0,8,8,0,0,11,11,0,0,0,0,38
Hikestep Bridge Entrance,1372.5472331454948,729.1597236051132,7,7,6,6,0,3,1,0,0,0,30
Hilton Pyramids Golf (Dreamland),311.0,71.0,0,0,5,5,0,0,0,0,0,0,10
Holding Company For Water & Wastewater (HCWW),751.0,695.0,4,4,0,7,0,0,0,0,0,0,15
Hospital 57357 (  Magra Al Oyoun ),267.0,219.0,3,3,0,0,5,5,0,0,0,0,16
Hossary Station,3085.0,1501.0,4,4,3,3,0,0,0,0,2,2,18
Housing & Utilities Directorate (Giza),122.0,62.0,0,4,0,0,7,0,0,0,0,0,11
Housing And Development Bank (6th of October),224.0,28.0,2,2,0,0,0,0,0,0,0,1,5
Huckstep,77.0,77.0,0,0,0,2,0,0,0,0,0,0,2
Huckstep Bridge Entrance,1681.0,449.0,6,6,4,4,3,0,0,0,0,0,23
Hussein Sedqy Mosque (Maadi),658.0,526.0,1,1,1,1,0,0,0,0,0,0,4
Hyper One (Sheikh Zayed),17976.0,8460.0,5,5,10,10,0,0,0,0,1,1,32
Ibn Al Hakam Square (Heliopolis),1280.0,548.0,4,4,0,0,6,6,0,0,0,0,20
Ibrahim Abdel Raziq St. & Ain Shams St.,1848.0,1100.0,3,3,0,0,7,7,0,0,0,0,20
Ibrahim Al Afifi Alley (Mansoureyya Rd.),140.0,140.0,0,0,0,1,0,0,0,0,0,0,1
Ibrahim Al Rifaie School (1st Settlement),2124.0,948.0,8,8,0,0,11,11,0,0,0,0,38
Ibrahim Anwar Mosque (Al Zaytoun),6067.0,4199.0,8,8,5,5,16,16,0,0,0,0,58
Ibrahim Bek Youth Center,1390.0,414.0,3,3,0,0,0,0,0,0,0,0,6
Ibrahim Mosque (Marg Axis),6908.0,2068.0,1,1,1,1,0,0,0,0,0,0,4
Icon for Construction And Development,1071.0,647.0,0,0,7,7,0,0,0,0,0,0,14
Ideal Standard (Nasr Rd.),1623.3522226548118,1175.0,0,0,2,2,0,0,0,0,0,0,4
Ikea - CFC,1520.0,976.0,2,0,4,4,1,1,0,0,0,0,12
Imam Al Shafei Mosque (Basateen Rd.),8037.537398789349,5590.0,9,10,1,1,4,4,0,0,0,0,29
Imbaba,20959.0,12347.0,5,5,9,9,3,3,1,1,0,0,36
Imbaba Fevers Hospital,2195.0,839.0,9,9,1,0,4,4,1,0,0,0,28
Imbaba Police Station,638.0,390.0,10,10,0,0,4,4,0,0,0,0,28
Imbaba Station,16048.0,8720.0,8,8,5,5,0,0,1,1,0,0,28
Industrial Technical Institute (Al Azhar),345.0,241.0,6,6,0,1,2,2,0,0,0,0,17
International Garden,397.0,93.0,0,0,0,0,6,6,0,0,0,0,12
Isaaf,19660.0,9500.0,38,38,7,7,24,24,0,0,0,0,138
Isbiko Station,3181.0,1921.0,5,5,0,0,0,0,0,0,0,0,10
Isko,5650.0,4146.0,0,0,0,0,5,5,0,0,0,0,10
Islamic Center (Sheikh Zayed),29.0,5.0,1,1,0,0,0,0,0,0,0,0,2
Islamic Studies Institute( Waili ),1077.0,653.0,6,6,1,0,0,1,0,0,0,0,14
Ismailiya Desert Rd. & Belbeis Desert Rd.,1757.0,841.0,0,2,5,5,0,0,0,0,0,0,12
Jazirat Mohamed,278.0,70.0,1,1,0,0,0,0,0,0,0,0,2
Journalists Club (Al Bahr Al Aazam),1852.0,636.0,0,0,4,4,0,0,0,0,0,0,8
Judges Club (Al Dokki),1036.0,712.0,7,7,2,2,2,2,0,0,0,0,22
Juhayna Square,1560.0,1000.0,4,4,5,5,0,0,0,0,0,0,18
Kabdet Al Prince (Imbaba),3933.0,2401.0,4,4,8,8,1,1,0,0,0,0,26
Kafr AL Shurafa,2696.0,1776.0,1,1,1,1,0,0,0,0,0,0,4
Kafr Tohormos Steps (Ring Rd.),782.0,70.0,0,0,7,7,0,0,0,0,0,0,14
Kafr Tuhurmis,13640.0,6548.0,0,0,1,1,2,2,0,0,0,0,6
Kahraba Club (Rod Al Farag),964.0,636.0,4,4,3,0,0,0,0,0,0,0,11
Kan Kan 12th District (6th of October),1493.0,621.0,2,2,0,0,0,0,0,0,0,0,4
Kattameya Church,1203.0,663.0,2,2,0,0,1,1,0,0,1,1,8
Kawkab Al Sharq Cafe - Bashayer,650.0,290.0,2,2,0,0,0,0,0,0,1,0,5
Kempinski Hotel (Ring Rd.),288.0,0.0,2,0,4,0,0,0,0,0,0,0,6
Kempinski Nile Hotel (Qasr Al Nile),6109.0,4453.0,11,11,3,3,8,8,0,0,0,0,44
Kerdasa Saft Al Laban Rd.,440.0,0.0,0,0,1,0,0,0,0,0,0,1,2
Kerdasa Station,4175.0,2463.0,0,0,2,2,0,0,0,0,1,1,6
KFC ( Faisal St. ),1075.0,823.0,0,0,1,1,1,1,0,0,0,0,4
KFC (Al Lebeny St.),3677.0,2057.0,0,0,4,4,0,0,0,0,1,0,9
KFC (Gameat Al Dowal St.),3858.0,2458.0,2,2,3,3,4,4,1,1,0,0,20
Khair Zaman (Autostrad Zahraa Al Maadi),133.0,69.0,0,0,0,0,1,1,0,0,0,0,2
Khalafawi Square,6373.0,4309.0,0,3,2,2,7,7,0,0,0,0,21
Khalil Agha Military School,555.0,395.0,7,7,0,0,4,4,0,0,0,0,22
Khedr Al Touny (Al Tayaran),1031.0,375.0,0,0,0,0,13,13,0,0,0,0,26
Khedr Al Touny Exit to Al Tayaran,1781.0,1161.0,1,1,5,5,15,15,0,0,0,0,42
Kheir Zaman (Ahmed Al Zomor),648.0,384.0,0,1,0,0,6,6,0,0,0,0,13
Kheir Zaman Al Mehwar Al Markazi (6th of October),1143.0,623.0,0,0,0,0,0,0,0,0,1,1,2
Khosous,1634.0,758.0,3,3,6,6,0,0,0,0,0,0,18
Kia Motors (Joseph Tito St.),90.0,90.0,0,3,0,0,0,0,0,0,0,0,3
Kids Land (Mostafa Al Nahas),2197.0,1609.0,13,13,2,2,10,10,0,0,0,0,50
Kilo 4 & Half Bus Station,15392.0,7788.0,2,2,5,5,10,10,0,0,0,0,34
Kit Kat District,2540.0,1224.0,14,14,0,2,5,5,0,0,0,0,40
Kit Kat Square,14156.0,9204.0,17,17,4,4,7,7,0,0,0,0,56
Kobry Al Qobba,12720.0,6572.0,19,19,11,11,36,36,0,0,0,0,132
Kobry Orabi,37004.0,23072.0,21,21,3,3,5,5,1,1,0,0,60
Koleyet Al Banat (Azhar University),912.0,696.0,13,13,0,0,8,8,0,0,0,0,42
Konayyesa (Moneeb),2682.0,2094.0,1,1,6,6,0,0,0,0,0,0,14
Korba District,9793.0,6801.0,3,3,2,2,13,13,0,0,0,0,36
Koshary Abu Hanafy (Al Moqattam),906.0,298.0,4,4,0,0,0,0,0,0,0,0,8
Koshary Al Tahrir (Nasr St.),956.0,524.0,0,0,1,1,0,0,0,0,0,0,2
Koshary Aladin (Shobra),3914.0,1922.0,30,30,0,0,7,7,0,0,0,0,74
Koshary Hend ( Masaken Al Wehda),2385.0,961.0,5,5,0,0,0,0,0,0,0,0,10
Language Institute (Al Qobba),2932.0,1516.0,7,7,0,0,8,8,0,0,0,0,30
Laylat Al Qadr Station,811.0,443.0,2,2,0,0,0,0,0,0,1,0,5
Leather and Tanning Company (Autostrad),386.0,298.0,10,10,9,9,0,0,0,0,0,0,38
Lebanon Square,260.0,148.0,1,1,0,4,0,0,0,0,0,0,6
Lebanon Square (Medan Lebnan),680.0,0.0,0,0,3,0,0,0,0,0,0,0,3
Lebanon Square Station,8505.0,4073.0,8,8,9,9,1,1,0,0,0,0,36
Libya St,782.0,422.0,4,4,0,0,0,0,0,0,0,0,8
Lotfy Al Sayed St & Masr Wal Sudan St,4601.0,1565.0,18,18,7,7,26,26,0,0,0,0,102
Lux School (Al Marg),1169.0,569.0,0,0,0,0,3,3,0,0,0,0,6
Maadi Corniche Exit to Ring Rd.,289.0,265.0,1,0,0,10,0,0,0,0,0,0,11
Maadi Metro Station,2858.0,1610.0,0,0,2,2,0,0,0,0,0,0,4
Maadi Military Hospital,3111.0,1823.0,5,5,9,9,4,4,0,0,0,0,36
Maasara Autostrad,1014.0,546.0,0,0,7,7,0,0,0,0,0,0,14
Macdonald's (Mergheny St.),1292.0,712.0,2,2,7,0,7,7,0,0,0,0,25
Madbah ( Magra Al Oyoun),1385.0,841.0,19,19,1,0,7,7,0,0,0,0,53
Madbah Steps (Ring Rd.),471.0,407.0,2,2,0,5,0,0,0,0,0,0,9
Madinat Al Bo'oth Al Eslamyya,172.0,124.0,5,5,0,0,0,0,0,0,0,0,10
Madinat Al Talaba,3963.134190786282,3397.0,4,4,3,3,3,3,1,1,0,0,22
Magda Square,1068.0,560.0,4,4,2,2,0,0,0,0,2,0,14
Magra Al Oyoun (Salah Salem),33269.0,16553.0,18,18,5,5,8,8,0,0,0,0,62
Mahmoudeya Housing (Al Moqattam),174.0,54.0,2,2,0,0,0,0,0,0,0,0,4
Mahmoudeya Station,5985.0,2545.0,2,2,1,1,1,1,0,0,1,1,10
Makram Ebeid and Mostafa Al Nahas,1614.0,1106.0,0,0,0,1,6,6,0,0,0,0,13
Mall of Arabia,1092.0,640.0,4,4,5,5,0,0,0,0,0,0,18
Mall of Egypt,600.0,224.0,0,0,5,5,0,0,0,0,0,0,10
Manial Shiha Elementary School,1670.0,1034.0,0,0,3,3,0,0,1,1,0,0,8
Manial Shiha Post Office,2570.0,1914.0,0,0,4,4,0,0,0,1,0,0,9
Manshiyat Al Bakri Steps (Ring Rd.),161.0,9.0,0,0,7,0,0,0,0,1,0,0,8
Manshiyat Al Bakry General Hospital,296.0,208.0,0,0,1,1,2,2,0,0,0,0,6
Manshiyat Al Gamal,2540.0,1384.0,1,1,0,0,7,7,0,0,0,0,16
Manshiyat Nasser,6934.0,4238.0,5,5,10,10,4,4,0,0,0,0,38
Manshiyat Nasser Bus Station - North,3320.0,1076.0,5,5,9,9,4,4,0,0,1,1,38
Marioteya Rd. & Faisal St.,3174.0,2010.0,0,0,4,4,1,1,0,0,0,0,10
Marioteya Tunnel Entrance,2990.0,1754.0,0,0,4,4,0,0,0,0,0,0,8
Marioteya Tunnel Exit,9800.0,6480.0,0,0,4,4,0,0,0,0,0,0,8
Marioteyya,269.0,185.0,0,0,7,7,0,0,0,0,0,0,14
Markaz Al Nakheel (6th of October),1450.0,658.0,0,2,0,0,0,0,0,0,1,1,4
Maryam Pharmacy ( Faisal St.),3705.0,1185.0,0,0,1,1,3,3,0,0,0,0,8
Masaken Ain Shams,15152.0,7748.0,3,3,5,5,4,4,0,0,0,0,24
Masaken Ain Shams Station,5063.0,3343.0,2,2,0,0,3,3,0,0,0,0,10
Masaken Al Abd (Al Salam),873.0,521.0,4,4,1,0,0,0,0,0,0,0,9
Masaken Al Kendy,2701.0,2165.0,9,9,6,6,0,0,0,0,1,0,31
Masaken Al Shrouq,1844.0,868.0,0,0,0,0,3,3,0,0,0,0,6
Masaken Al Wadi Al Qadeem (Al Salam),475.0,255.0,5,5,0,0,0,0,0,0,0,0,10
Masaken Al Wehda,595.0,403.0,1,1,0,0,0,0,0,0,0,0,2
Masaken Almaza,2066.0,1106.0,2,2,2,2,2,2,0,0,0,0,12
Masaken Betcho Bus Station,2225.0,1025.0,1,1,0,0,1,1,0,0,1,1,6
Masaken Helmeyet Al Zatoun,69.0,69.0,0,0,0,1,0,0,0,0,0,0,1
Masaken Isbiko St.,317.0,117.0,5,5,1,0,0,0,0,0,0,0,11
Masaken Sheraton,884.0,828.0,0,0,0,0,2,2,0,0,0,0,4
Masaken Zainhom Station,4103.0,2999.0,6,6,0,0,5,5,0,0,0,0,22
Mashyakhet Al Azhar Al Sharif,3743.0,2507.0,4,4,1,1,4,4,0,0,0,0,18
Maspero Exit (15th of May Bridge),2824.0,1792.0,8,8,8,8,12,12,0,0,0,0,56
Masraweya,783.0,415.0,3,3,0,0,0,0,0,0,0,0,6
Massalah Gadeeda (Al Matareyya),1333.0,781.0,0,0,0,0,4,4,0,1,0,0,9
Mastoura Mosque (Al Moqattam),808.0,520.0,0,0,1,1,0,0,0,0,0,0,2
Matbaa Station,24366.0,14562.0,5,5,4,4,3,3,0,0,0,0,24
Mazallat,5514.0,3446.0,24,24,6,6,5,5,0,0,0,0,70
Mazallat Station,1915.0,639.0,15,15,0,0,6,6,0,0,0,0,42
Mazar Mall,111.0,15.0,1,1,0,0,0,0,0,0,0,0,2
Mazlaqan Ain Shams,3696.0,1916.0,3,3,3,3,7,7,0,0,0,1,27
Mazlaqan Al Deweqa,4125.0,2041.0,9,9,8,8,4,4,0,0,0,0,42
Mazlaqan Om Khinan (Al Hawamdeyya),910.0,522.0,0,0,3,3,0,0,0,0,0,0,6
MCS Oil (Zahraa Al Maadi ),1687.0,759.0,0,0,0,0,1,1,0,0,0,0,2
MCS Oil (Zahraa Al Maadi),117.0,69.0,0,0,0,0,1,1,0,0,0,0,2
Mechanical Kharaata Workshop,443.0,151.0,0,0,0,0,3,3,0,0,0,0,6
Metro (Misr Helwan Rd.),235.61364227398383,118.0,1,2,0,0,1,1,0,0,0,0,5
Mffco Helwan (Helwan Corniche),648.0,408.0,1,1,2,2,0,0,0,0,0,0,6
Military Academy Stadium (Sheraton),2398.0,1446.0,11,11,3,3,10,10,0,0,0,0,48
Ministry of Agriculture (Dokki),2511.0,1731.0,0,0,2,2,2,2,1,1,0,0,10
Ministry Of Higher Education,1719.0,1067.0,4,4,0,0,1,1,0,0,0,0,10
Ministry of Irrigation (Warraq),6275.0,2459.0,2,2,4,4,3,3,1,1,0,0,20
Ministry Of Youth And Sports,5015.0,1979.0,4,4,5,5,0,0,0,0,0,0,18
Misr 2000,948.0,948.0,0,0,0,1,0,0,0,0,0,0,1
Misr Al Gadida Military Hospital,2151.0,1699.0,6,6,5,5,2,2,0,0,0,0,26
Misr Al Qadima Police Department,197.0,161.0,0,1,1,0,0,0,0,0,0,0,2
Misr Al Qadimah,48.0,48.0,0,5,0,0,0,0,0,0,0,0,5
Misr Al Qadmina Post Office,931.0,799.0,8,8,9,9,0,0,0,0,0,0,34
Misr Al Wosta Electricity Company (Al Bahr Al Aazam St.),183.0,55.0,1,0,6,6,0,0,0,0,0,0,13
Misr El Qadima District Presidency,1698.0,886.0,2,2,3,3,0,1,0,0,0,0,11
Misr El Qadima Police Department,184.0,164.0,0,0,0,2,1,0,0,0,0,0,3
Misr Gas Station (Giza Square),12125.0,6305.0,0,0,2,2,3,3,0,0,0,0,10
Misr Petroleum - Masaken Al Wehda,522.0,186.0,1,1,0,0,0,0,0,0,0,0,2
Misr Petroleum (Port Said St.),1004.0,648.0,5,5,0,0,4,4,0,0,0,0,18
Misr Petroleum Gas Station (Badrasheen),552.0,264.0,0,0,1,1,0,0,0,0,0,0,2
Misr Public Library (Port Said St.),2042.0,934.0,5,5,0,0,4,4,0,0,0,0,18
Misr Sudan (7th District Nasr City),1072.0,592.0,6,6,1,0,8,8,0,0,0,0,29
Misr University for Sciences and Technology (MUST),125.0,93.0,4,0,0,4,0,0,0,0,0,0,8
Mit Halfa - Cairo Alexandria Agriculture Road,706.0,226.0,3,3,1,1,0,0,0,0,0,0,8
Mit Halfa ( Cairo Alexandria Agriculture Rd. ),1643.0,1135.0,3,3,1,0,0,0,1,1,0,0,9
Mit Nama Steps (Cairo Alexandria Agriculture Rd.),399.0,123.0,7,7,7,7,0,0,0,0,0,0,28
MIU (Obour),712.0,184.0,1,0,2,2,0,0,0,0,0,0,5
Moasasset Al Zakah,208.0,208.0,0,1,0,0,0,0,0,0,0,0,1
Moassasa,20661.0,10277.0,8,8,10,10,0,0,1,1,0,0,38
Moassasa Pedestrian Bridge,455.0,271.0,7,7,7,0,0,0,2,2,0,0,25
Mobil - Mall of Arabia,188.0,0.0,4,0,5,0,0,0,0,0,0,0,9
Mobil (Ahmed Esmat St.),756.0,476.0,0,0,0,1,0,0,0,0,1,1,3
Mobil (Al Khalafawy),1957.0,1337.0,7,7,8,8,0,0,0,0,0,0,30
Mobil (Hassan Al Sherif & Nasr City),856.0,724.0,0,0,0,0,6,6,0,0,0,0,12
Mobil (Mostafa Kamel Axis & 1st Settlement),899.0,591.0,1,1,1,1,0,0,0,0,0,0,4
Mobil (Nile Corniche Maasara),324.0,140.0,1,0,4,4,0,0,0,0,0,0,9
Mobil Gas Station (Abdel Hameed Badawy St.),2075.0,1131.0,1,1,0,0,9,9,0,0,0,0,20
Mobil Gas Station (Salah Salem St),245.0,49.0,0,0,3,3,0,0,0,0,0,0,6
Mobil North 90,791.0,711.0,0,0,1,1,0,0,0,0,0,0,2
Modern School (Ahmed Esmat St.),644.0,644.0,0,0,0,1,0,0,0,0,0,0,1
Moemen (Nasr St.),2068.0,1684.0,0,0,1,1,0,0,0,0,0,0,2
Mohagreen (Ezbet Al Nakhl),6941.0,3741.0,1,1,2,2,0,0,0,0,2,2,10
Mohamed Farid St. & Al Mathan St.,1670.0,802.0,5,5,2,2,0,0,0,0,0,0,14
Mohamed Naguib Metro Station,4433.0,2381.0,19,19,0,0,6,6,0,0,0,0,50
Mohamedan Light Hospital (Ain Shams),1312.0,1032.0,0,0,0,1,3,3,3,3,0,0,13
Mohammed Farid Post Office,210.0,210.0,0,0,0,0,0,1,0,0,0,0,1
Mohie Al Deen Aboul Ezz St. & Tahrir St.,1481.0,785.0,11,11,0,0,0,0,0,0,0,0,22
Mokattam Entrance - Al Gamea Al Haditha St,431.0,183.0,4,4,0,0,0,0,0,0,0,0,8
Mokattam Entrance from Al Gamea Al Haditha St.,92.0,36.0,4,4,0,0,0,0,0,0,0,0,8
Moneeb,40305.0,24573.0,13,13,13,13,0,0,1,0,0,0,53
Moneeb Station,108.0,108.0,0,0,0,3,0,0,0,0,0,0,3
Montasser (Nile Corniche),1234.0,734.0,1,1,4,4,0,0,0,0,0,0,10
Moqattam Entrance from Salah Salem,1219.0,1075.0,9,9,0,2,4,0,0,0,0,0,24
Mosheer Ahmed Ismail Station (Sheraton),240.0,240.0,0,0,0,0,0,1,0,0,0,0,1
Mostorad Pedestrian Bridge,4271.0,2387.0,4,4,0,1,8,8,1,1,0,0,27
Mostorod,7162.0,3978.0,5,5,3,3,11,11,0,0,0,0,38
Mostorod Bridge (Ring Rd.),292.0,180.0,3,3,0,4,0,0,0,0,0,0,10
Motseian,7591.0,4963.0,2,2,5,5,0,0,0,0,0,0,14
Mountain View Square,28.0,0.0,3,0,0,0,0,0,0,0,0,0,3
MSA University,1811.0,1371.0,0,0,5,5,0,0,0,0,0,0,10
Mubarak Educational City Entrance,23.0,23.0,0,0,0,5,0,0,0,0,0,0,5
Nadi Al Baraka Steps (Ring Rd.),970.0,554.0,3,3,5,5,0,0,0,0,0,0,16
Nahda City Station,4708.0,1892.0,0,0,2,2,0,0,0,0,0,0,4
Nahya Steps (Ring Rd.),1426.0,278.0,0,0,5,5,0,0,0,0,0,0,10
Nasr Al Islam Mosque (Al Nozha St.),1137.0,437.0,3,3,3,3,7,7,0,0,0,0,26
Nasr City Sporting Club,1530.0,1234.0,17,17,0,0,0,0,0,0,0,0,34
Nasr City Towers,487.0,327.0,3,3,0,0,0,0,0,0,0,0,6
Nasr St Exit from Autostrad,16.0,0.0,5,0,0,0,0,0,0,0,0,0,5
Nasser Institue For Research (Al Khalafawy),807.0,415.0,7,7,8,8,0,0,0,0,0,0,30
National Authority For Military Production,1954.0,1102.0,13,13,4,0,6,6,0,0,0,0,42
National Cardiac Institute,1330.0,682.0,0,3,1,1,2,0,0,0,0,0,7
National Institute for Diabetes ( Magra Al Oyoun ),2380.0,1584.0,18,18,4,4,11,11,0,0,0,0,66
National Institute for Occupational Safety and Health (Al Amn Al Senaey),1191.0,903.0,4,4,0,0,10,10,0,0,0,0,28
National Institute for Tumor Studies ( Magra Al Oyoun),3025.0,1985.0,16,16,2,2,4,4,0,0,0,0,44
National Research Center (Dokki),1009.0,581.0,11,11,1,0,0,0,0,0,0,0,23
National Security (Alexandria Desert Rd.),149.0,113.0,0,0,5,5,0,0,0,0,0,0,10
Nefertari International School,1334.0,662.0,0,2,4,4,0,0,0,0,0,0,10
New Cairo Academy (5th Settlement),344.0,108.0,3,3,0,0,1,1,0,0,0,0,8
New Giza Gate 1,293.0,113.0,0,0,5,5,0,0,0,0,0,0,10
New Marg,12996.0,6800.0,1,1,2,2,3,3,0,0,2,2,16
New Marg Exit (Ring Rd.),2235.0,1215.0,0,3,6,6,0,0,0,0,0,0,15
New Marg Station,7826.0,4658.0,1,1,2,2,1,1,0,0,0,0,8
New Market (Asmarat),2786.0,1958.0,3,3,0,0,0,0,0,0,1,1,8
New Musuem ( Cairo Alex Desert Rd.),115.0,115.0,0,0,0,5,0,0,0,0,0,0,5
New Police Station Nahda,467.0,287.0,0,0,1,1,0,0,0,0,0,0,2
Nile Club (Shubra Al Kheima),1926.0,1322.0,9,9,4,0,0,0,1,1,0,0,24
Nile Towers (Nile Corniche),333.0,189.0,5,5,10,10,2,2,0,0,0,0,34
Nile University,32.0,0.0,4,0,0,0,0,0,0,0,0,0,4
Nissan (Kattameya),126.0,18.0,3,3,5,0,0,0,0,0,0,0,11
North Cairo Electricity Distribution Company (Al Helmeya),1622.0,1202.0,9,9,0,0,9,9,0,0,0,0,36
North Imbaba,2276.0,1424.0,0,0,5,5,0,0,0,0,0,0,10
Northen Giza Courthouse,3313.5068607087514,2200.737237757538,3,3,3,3,3,3,1,1,0,0,20
Noubar St.,5244.0,2248.0,16,16,0,0,6,6,0,0,0,0,44
Nour Al Huda Automotive (Shubra Al Kheima),1750.0,1018.0,23,23,2,2,4,4,0,0,0,0,58
Nour Al Islam Azhari Institute (Kafr Al Gabal),48.0,0.0,0,0,1,0,0,0,0,0,0,0,1
Nour Al Islam Mosque ( Shubra Al Kheima),464.0,464.0,0,0,0,1,0,3,0,0,0,0,4
Nour Al Islam Mosque (Shubra Al Kheima),100.0,40.0,0,0,0,0,3,3,0,0,0,0,6
Nour Al Islam Mosque Steps (Ring Rd.),16.0,0.0,1,0,0,0,0,0,0,0,0,0,1
Novartis Pharma (Al Zaytoun),9446.0,5646.0,10,10,3,3,12,12,0,0,0,0,50
Nozha - Nabil Al Waqaad,1171.0,671.0,0,0,0,0,4,4,0,0,0,0,8
Nozha Bridge Entrance,175.0,87.0,0,0,0,0,4,4,0,0,0,0,8
Nozha Bridge Exit,809.0,569.0,4,4,0,3,7,7,0,0,0,0,25
Oasis Mall (Sheraton),2822.527608802393,1683.5902690569596,9,9,1,1,9,9,0,0,0,0,38
Obour,1595.0,715.0,1,1,0,0,0,0,0,0,0,0,2
Obour City Authority,240.0,224.0,1,1,0,1,0,0,0,0,0,0,3
Obour Market - South,763.0,459.0,2,2,2,2,0,0,0,0,0,0,8
Obour Sporting Club,820.0,620.0,1,1,1,1,0,0,0,0,0,0,4
Officers Housing ( Al Remaya St.),298.0,62.0,0,1,0,0,3,3,0,0,0,0,7
Officers Housing (Al Remaya St),284.0,100.0,1,0,0,0,3,3,0,1,0,0,8
Old 10th of Ramadan,11298.0,5790.0,4,4,7,7,3,3,0,0,0,0,28
Olowwa Faris St. (Bab Al Shaereyya),3140.683380113337,1626.0,21,22,0,0,22,22,0,0,0,0,87
Om Al Masryeen Metro,4551.0,3335.0,15,15,4,4,7,7,0,0,0,0,52
Om Bayoumi,620.0,188.0,3,3,0,0,0,0,0,0,0,0,6
Om Bayoumi Station,480.0,432.0,1,1,0,0,0,0,0,0,0,0,2
Omar Efendi (Ahmed Oraby St.),3263.0,1855.0,8,8,4,4,9,9,1,1,0,0,44
Omar Ibn Abd El Aziz St. & Al Sekka Al Hadid,1619.0,399.0,0,0,6,6,0,0,0,0,0,0,12
Omar Ibn Al Khattab Mosque (Al Matareyya St.),2729.0,1797.0,5,5,3,3,6,6,0,0,0,0,28
Ommal Square (5th Settlement),1969.0,1629.0,3,3,1,1,1,0,0,0,0,0,9
Opera House,1951.0,1371.0,12,12,2,2,0,0,0,0,0,0,28
Orascom Business (Anabib Al Petrol),335.0,215.0,0,0,2,2,0,0,0,0,0,0,4
Oriental Weavers (6th of October),192.0,0.0,2,0,0,0,0,0,0,0,0,0,2
Oriental Weavers (Al Haram),20688.0,12828.0,4,4,5,5,3,3,1,1,0,0,26
Oriental Weavers (Sheraton),874.0,686.0,7,7,0,3,0,0,0,0,0,0,17
Othman Pedestrian Bridge (Ring Rd.),520.0,320.0,3,3,6,0,0,0,0,0,0,0,12
Othman Steps (Ring Rd.),904.0,276.0,3,3,6,6,0,0,0,0,0,0,18
Palace of Culture (Al Matareyya),841.0,701.0,2,2,3,3,2,2,0,0,0,0,14
Palestine School (Ain Shams St.),4532.0,3960.0,3,3,0,1,7,7,0,0,0,0,21
Palestine School (Ain Shams St),1701.0,1229.0,2,2,0,1,7,7,0,0,0,0,19
Panasonic (Abbas Al Akkad),1628.0,872.0,2,0,0,0,7,7,0,0,0,0,16
Papa Jones (Batal Ahmed St.),2958.0,2206.0,0,0,2,2,1,1,1,1,0,0,8
Paradise Al Shorouq Compound,319.0,143.0,1,1,0,0,0,0,0,0,0,0,2
Pepsico (Nasr City),321.0,145.0,4,4,0,0,1,0,0,0,0,0,9
Petroleum Square (Al Marg),280.0,148.0,0,0,0,0,3,3,0,0,0,0,6
Pharaonic Village (Al Bahr Al Aazam St.),165.0,165.0,0,0,0,4,0,0,0,0,0,0,4
Physical Therapy - Modern Academy,630.0,234.0,4,4,0,0,0,0,0,0,0,0,8
Pizza Hut (Mostafa Al Nahas),7425.0,3465.0,14,14,2,2,10,10,0,0,0,0,52
Plaza Club (Obour),425.0,289.0,1,1,1,1,0,0,0,0,0,0,4
Police Academy (Abbaseya),333.0,317.0,0,12,0,0,16,16,0,0,0,0,44
Police Academy (New Cairo),926.0,574.0,8,8,0,0,12,12,0,0,0,0,40
Police Academy (Ring Rd.),7658.0,3514.0,0,2,7,7,0,0,0,0,0,0,16
Police Hospital (Agouza),1748.0,1216.0,16,16,3,3,1,1,0,0,0,0,40
Police Hospital (Al Shaheed Axis),282.0,198.0,1,1,0,1,0,0,0,0,0,0,3
Police Hospital (Al Shaheed Corridor),96.0,96.0,0,2,0,0,0,0,0,0,0,0,2
Police Mosque (Salah Salem St),1122.0,890.0,5,5,0,1,0,0,0,0,0,0,11
Police Officers Club (Zamalek),1364.0,848.0,3,0,0,0,10,10,0,0,0,0,23
Police Union Club,1047.0,719.0,3,3,1,1,0,0,0,0,0,0,8
Policeman Institute St. (Nile Corniche),1003.0,479.0,0,0,4,4,0,0,0,0,0,0,8
Port Said Square (Maadi),6192.0,4216.0,1,1,3,3,1,0,0,0,0,0,9
Port Said St. (Al Sawah),3225.0,1145.0,10,10,2,2,8,8,0,0,0,0,40
Port Said St. Pedestrian Al Mosky,7279.9318636923135,6432.0,16,17,0,0,16,16,0,0,0,0,65
Porto Cairo Mall,100.0,36.0,2,2,5,0,0,0,0,0,0,0,9
Postal Office (1st Settlement),470.0,278.0,8,8,0,0,10,10,0,0,0,0,36
Public Taxes Mission (Nasr City),6254.0,2734.0,0,0,2,2,8,8,0,0,0,0,20
Qadry Basha (Al Sayeda Zeinab),8480.0,4820.0,22,22,1,1,22,22,0,0,0,0,90
Qalaa,1429.8953121314469,975.0,18,19,0,0,8,8,0,0,0,0,53
Qalyoub Al Balad Bus Station,8968.0,5668.0,3,3,0,0,0,0,1,1,0,0,8
Qalyoub District Court,8401.0,3609.0,3,3,1,1,0,0,1,1,0,0,10
Qalyoub Exit to Ring Rd.,158.0,158.0,0,2,0,4,0,0,0,0,0,0,6
Qalyub Exit (Cairo Alexandria Agriculture Rd.),4697.0,2625.0,7,7,7,7,0,0,2,2,0,0,32
Qalyub Specialized Hospital,1809.0,945.0,3,3,0,0,0,0,1,1,0,0,8
Qalyub Steps (Ring Rd.),1100.0,660.0,2,2,5,5,0,0,0,0,0,0,14
Qasr Oraby Furniture (Gamal Abdel Nasser),1543.0,895.0,2,2,3,3,1,1,1,1,0,0,14
Qatar Ahly Bank (Al Tayaran St.),5755.0,3375.0,3,3,2,2,13,13,0,0,0,0,36
Qattameya,831.0,495.0,1,1,0,0,0,1,0,0,0,0,3
Qawmeya Arabeya,1595.0,891.0,0,0,1,1,0,0,0,0,0,0,2
Qawmeya Steps (Ring Rd.),220.0,28.0,1,1,6,0,0,0,0,0,0,0,8
Qism El Marg,2972.0,1752.0,0,0,0,0,0,0,0,0,2,2,4
Rabaah Al Adaweya Mosque,4134.228039147461,5115.990637355599,6,6,11,11,25,25,0,0,0,0,84
Rabaah Al Adaweya Mosque (Nasr City),3243.0,1983.0,6,6,8,8,24,24,0,0,0,0,76
Radisson Hotel (Sheraton),2362.0,1090.0,1,1,0,0,9,9,0,0,0,0,20
Radobis Cinema (Haram St.),758.0,410.0,4,4,0,2,3,3,0,0,0,0,16
Ragab Sons (Al Gazaer St.),2100.0,544.0,1,2,2,2,1,1,0,0,0,0,9
Ragab Sons (Al Magzar Mariouteya),5966.0,2966.0,0,0,7,7,0,0,0,0,0,0,14
Ragab Sons (Al Shabab St. Obour),167.0,151.0,1,1,0,1,0,0,0,0,0,0,3
Ragab Sons (Mahdy Arafa),4761.0,2281.0,9,9,2,2,7,7,0,0,1,1,38
Ragab Sons 7th District (6th of October),130.0,46.0,2,2,0,0,0,0,0,0,0,0,4
Ragab Sons Al Mehwar Al Markazi (6th of October),168.0,0.0,2,0,0,0,0,0,0,0,0,1,3
Ramses,66842.0,32922.0,44,44,11,11,30,30,0,0,0,0,170
Ramses Extension - Southside,809.0,533.0,18,18,0,0,0,0,0,0,0,0,36
Ramses Extension (North of Nasr Rd.),649.0,169.0,14,14,9,0,11,11,0,0,0,0,59
Ramses Extension (South of Nasr Rd.),399.0,255.0,9,9,0,3,0,0,0,0,0,0,21
Ramses Extension Northside,1402.0,1054.0,11,11,6,6,11,11,0,0,0,0,56
Ramses Language Schools (Khaloussi),3083.0,1427.0,30,30,0,0,7,7,0,0,0,0,74
Ramses Railway Station,57333.0,31861.0,23,23,8,8,29,29,0,0,0,0,120
Raslan (6th of October),185.0,121.0,2,2,0,0,0,0,0,0,1,0,5
Real Estate Registration Mission (Shobra),2548.0,1464.0,25,25,0,0,4,4,0,0,0,0,58
Real Estate Registration Office (Shobra),719.0,491.0,5,5,0,0,3,3,0,0,0,0,16
Realestate Regulation Authoity (6th of October),584.0,56.0,2,2,0,0,0,0,0,0,0,1,5
Red Crescent ( Masaken Zainhom),552.0,380.0,5,5,0,0,4,4,0,0,0,0,18
Red Kiosk (6th of October),387.0,115.0,2,2,0,0,0,0,0,0,0,0,4
Rehab Gate 13,1122.0,690.0,0,0,1,1,1,1,0,0,0,0,4
Rehab Gate 6,1447.0,935.0,0,0,0,0,2,2,0,0,0,0,4
Rehab Square,184.0,160.0,0,0,1,1,0,1,0,0,0,0,3
Remaya 28,3066.753639015045,1621.617696547412,2,2,5,5,3,3,2,2,1,1,26
Research Institute of Ophthalmology - Giza,3857.0,1785.0,5,5,5,5,3,3,0,0,0,0,26
Research Institute of Ophthalmology (Al Giza),443.0,395.0,3,0,0,4,0,0,0,0,0,0,7
Rihana Plaza (Sheikh Zayed),10.0,10.0,0,1,0,0,0,0,0,0,0,0,1
Rimo Car (Ahmed Helmy St.),2284.0,1588.0,1,1,5,5,0,0,0,0,0,0,12
Ring Rd Exit to Mansoureyya Rd,275.0,35.0,0,0,1,1,0,0,0,0,0,0,2
Ring Rd. Entrance from Moneeb,4680.0,2124.0,0,0,7,7,0,0,0,0,0,0,14
Ring Rd. Exit to Al Warraq,16.0,0.0,0,0,5,0,0,0,0,0,0,0,5
Ring Rd. Exit to Bashtil,200.0,164.0,0,0,1,1,0,0,0,0,0,0,2
Ring Rd. Exit to Cairo Alexandria Agriculture Road,186.0,66.0,2,2,5,5,0,0,0,0,0,0,14
Ring Rd. Exit to Khosous,5372.0,2880.0,1,1,2,0,2,2,0,0,0,0,8
Ring Rd. Exit to Moneeb,3038.0,1758.0,0,0,5,5,0,0,0,0,0,0,10
Ring Rd. Exit to Remaya,375.0,223.0,0,0,11,11,0,0,0,0,0,0,22
Ring Rd. Exit to Safe Al Laban,69.0,61.0,0,0,0,4,0,0,1,0,0,0,5
Ring Rd. Exit to Saft Al Laban,130.0,82.0,0,0,8,8,0,0,0,0,0,0,16
Ring Rd. Exit to Zahraa Masr Al Qadeema,1353.0,921.0,2,2,5,5,0,0,0,0,1,1,16
Ring Rd. Pedestrian Al Abeet,42.0,42.0,0,1,0,0,0,0,0,0,0,0,1
Ring Rd. Pedestrian Ezbet Anwar,13.0,13.0,0,2,0,0,0,0,0,0,0,0,2
Ring Rd. Steps 1 (26th of July Corridor),749.0,165.0,5,5,8,8,0,0,0,0,0,0,26
Ring Rd. Steps 2 (26th of July Corridor),896.0,396.0,4,4,7,7,0,0,0,0,0,0,22
Ring Rd. Steps to Ezbet Kayrallah,257.0,93.0,0,2,0,0,0,0,0,0,0,1,3
Ring Rd. Steps to Nahya,748.0,68.0,0,0,5,5,0,0,0,1,0,0,11
Ring Rd. Steps to New Marg,4101.0,2789.0,3,3,5,5,0,0,0,0,0,0,16
Ring Rd. Steps to Nour City,269.0,185.0,0,0,7,7,0,0,0,0,0,0,14
Ring Road Entrance from Cairo Alexandria Agriculture Rd.,699.0,367.0,4,4,10,10,0,0,0,0,0,0,28
Ring Road Exit to Qalyub,452.0,208.0,2,2,4,4,0,0,1,0,0,0,13
Ring Road Steps to 26th of July Mehwar,829.0,541.0,4,4,8,8,0,0,0,0,0,0,24
River Transport Authority ( Zahraa ),3688.0,1968.0,8,8,11,11,4,4,0,0,0,0,46
Rod Al Farag Metro Station,15156.0,9248.0,31,31,0,0,10,10,0,0,0,0,82
Rod Al Farag Youth Center,665.0,561.0,5,5,0,7,2,0,0,0,0,0,19
Rotana Motors (Maadi),340.0,240.0,6,6,0,0,0,0,0,0,0,0,12
Roushdy Pharmacy (Al Remaya Square),572.0,548.0,0,0,0,0,3,3,0,2,0,0,8
Roxy,22255.0,11295.0,6,6,4,4,33,33,0,0,0,0,86
Royal City Gate (Sheikh Zayed),280.0,60.0,5,0,10,10,0,0,0,0,0,0,25
Saad Zaghloul Metro,765.0,441.0,0,0,1,1,0,0,0,0,0,0,2
Sadat Academy (Maadi),946.0,770.0,0,0,5,5,0,0,0,0,0,0,10
Safeer Square (Heliopolis),4367.0,2835.0,8,8,0,0,13,13,0,0,0,0,42
Saft Al Laban,1333.0,529.0,0,0,6,0,1,1,0,0,0,0,8
Saft Al Laban Axis,5948.0,3640.0,0,0,1,1,0,0,0,0,1,1,4
Saft Al Laban Entrance from Ring Rd.,540.0,0.0,0,0,5,0,0,0,0,0,0,0,5
Safwa Clinics (Obour),218.0,138.0,1,1,0,1,0,0,0,0,0,0,3
Saint Fatima Square,2065.0,1033.0,5,5,0,0,11,11,0,0,0,0,32
Saint George Church (Kotseika),264.0,140.0,0,0,4,4,0,0,0,0,0,0,8
Saint Teresa Metro,9502.0,4982.0,34,34,0,0,14,14,0,0,0,0,96
Sakiat Mekki Metro,5069.0,3173.0,12,12,3,3,0,0,0,0,0,0,30
Sakkara Steps (Ring Rd.),428.0,84.0,0,0,5,5,0,0,0,0,0,0,10
Salah Al Din Citadel (Salah Salem),9657.0,5141.0,19,19,4,4,6,6,0,0,0,0,58
Salah Al Din Square (Heliopolis),13126.0,5062.0,3,3,2,2,12,12,0,0,0,0,34
Salam Alexandria Station,1040.0,560.0,0,0,1,1,0,0,0,0,0,0,2
Salam Station (10th of Ramadan Station),6720.921836223506,4322.152815844829,9,9,11,11,3,3,1,1,0,0,48
Salamtak Labs (Dolce),72.0,0.0,0,0,4,0,0,0,0,0,0,0,4
Samir & Ali Al Thawra St (Heliopolis),418.0,378.0,0,0,6,6,0,1,0,0,0,0,13
Saqqara (Moroor),6636.0,4524.0,0,0,2,2,0,0,0,0,0,0,4
Saqqara Rd. & Al Mansoureya Rd.,4139.0,1703.0,0,0,2,2,0,0,0,0,0,0,4
Saqr Quraish,9005.0,5017.0,6,6,5,5,2,2,0,0,0,0,26
Saqr Quraish Station,12860.0,7988.0,10,10,8,8,1,1,0,0,0,0,38
Saray Al Qobba,7134.0,5154.0,0,1,4,4,13,13,0,0,0,0,35
Sawaris Square (Maadi),798.5566139652021,667.0,1,0,4,4,1,1,0,0,0,0,11
Sayyed Al Abedeen Pharmacy (Cablat St.),426.0,210.0,1,1,1,1,0,0,0,0,0,0,4
Science House Garden (Al Mounira),736.0,468.0,6,6,0,0,8,8,0,0,0,0,28
Scoial Services School (Roxy),1221.0,657.0,1,0,2,0,5,5,0,0,0,0,13
Sednawy (Sudan St.),13665.0,9421.0,13,13,5,5,0,0,0,0,0,0,36
Sekat Hadid Al Mahager (Basateen),2331.0,1231.0,3,3,0,0,2,2,0,0,0,0,10
Sekka Hadid St. Pedesterian Bridge,631.0,475.0,0,0,4,4,0,0,1,1,0,0,10
Sekket Al Waili,4403.0,2083.0,4,4,2,2,7,7,0,0,0,0,26
Sekket Al Waili St. (Kobry Al Qobba),388.0,108.0,1,1,0,0,0,0,0,0,0,0,2
Shabab (Obour),2257.0,1217.0,1,1,1,1,0,0,0,0,0,0,4
Shabramant,2726.0,1266.0,0,0,2,2,0,0,0,0,0,0,4
Shabramant Bus Station,1450.0,862.0,0,0,1,1,0,0,0,0,0,0,2
Shahrazad Hall ( Sawah),1870.0,998.0,15,15,4,4,7,7,0,0,0,0,52
Shalqan Rd.,1657.0,1009.0,0,2,2,2,0,0,0,0,0,0,6
Shams Club (Alf Maskan),12582.0,6162.0,8,8,9,9,10,10,0,0,0,0,54
Shams Club Squash Courts,1018.0,254.0,5,5,0,0,11,11,0,0,0,0,32
Sharea Jadid (Marg Axis),3666.0,1770.0,1,0,1,1,1,1,0,0,0,0,5
Shawerma Abu Mazen (Maadi),184.0,72.0,1,1,0,0,0,0,0,0,0,0,2
Sheikh Al Balad (Ain Shams St.),888.0,540.0,3,3,0,0,7,7,0,0,0,0,20
Sheikh Ali Youssef School ( Downtown),1098.0,730.0,5,5,0,0,8,8,0,0,0,0,26
Sheikh Selim Institute (Arbean St.),196.0,176.0,0,0,0,1,3,3,0,0,0,0,7
Sheikh Zayed General Hospital,1754.0,758.0,1,1,0,0,0,0,0,0,1,1,4
Sheikh Zayed General Hospital Northside,107.0,47.0,1,1,0,0,0,0,0,0,0,0,2
Shepheard Hotel (Qasr Al Nile),6607.0,2355.0,11,11,3,3,8,8,0,0,0,0,44
Shobra  Banha St. & Ring Rd.,1490.0,610.0,2,2,6,6,0,0,0,0,0,0,16
Shubra Al Khaima City Authority,2781.0,1325.0,4,4,2,2,0,0,0,0,0,0,12
Shubra Al Kheima City Authority,3923.0,2007.0,6,6,4,4,0,0,1,1,0,0,22
Shubra Al Kheima City Council,13.0,13.0,0,2,0,0,0,0,0,0,0,0,2
Shubra Al Kheima East District Authority,3238.0,1494.0,4,4,1,1,8,8,0,0,0,0,26
Shubra Al Kheima Metro Station,2985.0,1477.0,1,1,4,4,0,0,0,0,0,0,10
Shubra Al Kheima Power Plant,7952.0,4380.0,8,8,4,4,0,0,1,1,0,0,26
Silver Nile Social Club (Nile Corniche),4402.0,2526.0,5,5,9,9,4,4,0,0,0,0,36
Simsima (Dokki),439.0,203.0,4,4,0,0,2,2,1,0,0,0,13
Sky Mart Mall (1st Settlement),1092.0,736.0,8,8,0,0,11,11,0,0,0,0,38
Soap Factory (Marg),888.0,216.0,0,0,1,1,0,0,0,0,0,0,2
Sobhy Hussein St. (Al  Moqattam),454.0,382.0,4,4,0,0,0,0,0,0,0,0,8
Sobhy Hussein St. (Al Moqattam),308.0,152.0,4,4,0,0,0,0,0,0,0,0,8
Social Insurance Bureau (Shubra Al Kheima),1401.0,869.0,0,0,0,0,11,11,1,1,0,0,24
Sonesta Hotel (Al Tayaran St.),768.0,672.0,0,0,0,0,13,13,0,0,0,0,26
Sonesta Hotel (Tayaran St.),189.0,157.0,0,1,0,0,7,7,0,0,0,0,15
Souq Al Asr (Khalifa Al Mamoun St.),4453.0,2685.0,7,7,0,0,24,24,0,0,0,0,62
Souq Al Gomla,789.0,541.0,0,0,5,5,0,0,0,0,0,0,10
Souq Bab Al Louq,4052.0,2636.0,19,19,0,0,5,5,0,0,0,0,48
Southern Gate Obour Market,138.0,90.0,1,1,0,1,0,0,0,0,0,0,3
Sphinx Square,6078.0,3402.0,9,9,5,5,9,9,1,1,0,0,48
State Council ( Dokki),1747.0,1395.0,4,4,2,2,1,1,0,0,0,0,14
Sudan St (Ard El Lewa),9790.0,5182.0,5,5,5,5,0,0,0,0,0,0,20
Suez Bridge,48.0,0.0,2,0,0,0,0,0,0,0,0,0,2
Suez Bridge Entrance to Ring Road,467.0,215.0,2,2,2,2,0,0,0,0,0,0,8
Sultan Abou Al Ela Mosque (Maspero),792.0,672.0,0,0,2,2,0,1,0,0,0,0,5
Sultana Weddings Centre (Saqqara),2015.0,1815.0,0,0,2,2,0,0,0,0,0,0,4
Sun City Mall,2230.0,1106.0,1,1,0,0,7,7,0,0,0,0,16
Sun Mall,5563.0,2503.0,8,8,0,0,17,17,0,0,0,0,50
Swan Lake Compound (5th Settlement),1275.0,427.0,5,5,1,0,11,11,0,0,0,0,33
Syndicate Of Commercial Professions (Abbasseya),2658.0,1386.0,14,14,10,10,12,12,0,0,0,0,72
Taawon (Al Matareyya),7772.0,4712.0,3,3,2,2,7,7,3,3,0,0,30
Taba St. & 6 October St. (Salam),1743.0,695.0,0,0,3,3,0,0,0,0,0,0,6
Tabarak (Omar Al Mokhtar St.),13582.0,10462.0,1,1,1,1,3,3,0,0,0,0,10
Tagneed,5721.0,3385.0,1,1,0,0,3,3,1,1,0,0,10
Tahrir Square,3351.0,1535.0,17,17,0,0,4,4,0,0,0,0,42
Taki (Al Waili),4227.0,2763.0,5,5,1,1,1,1,0,0,0,0,14
Talaat Harb Cultural Center,310.0,154.0,1,1,0,0,2,2,0,0,0,0,6
Talaat Harb Mall (Downtown),64.0,0.0,3,0,0,0,0,0,0,0,0,0,3
Talaat Harb Square (Downtown),491.0,427.0,3,3,0,0,0,0,0,0,0,0,6
Taqa Gas Station (Badrasheen),62.0,14.0,0,0,0,0,0,0,1,1,0,0,2
Tara Compound Entrance (Sheikh Zayed),78.0,18.0,1,1,0,0,0,0,0,0,0,0,2
Telecom Egypt Central ( Almaza ),963.0,619.0,2,2,0,1,9,9,0,0,0,0,23
Telecom Egypt Central (6th Of October),436.0,284.0,0,0,1,1,0,0,0,0,0,1,3
Telecom Egypt Central (Almaza),413.0,325.0,1,0,0,8,7,7,0,0,0,0,23
Teraat Al Gabal St.,1499.0,783.0,2,2,5,5,10,10,0,1,0,0,35
Teraat Al Khashab (Nile Corniche),474.0,350.0,0,0,4,4,0,0,0,0,0,0,8
Teraat Al Marioteyya St.,540.0,420.0,0,0,0,1,0,0,0,0,0,1,2
Teraat Al Zomor & Abu Bakr Al Siddiq St.,801.0,201.0,0,0,1,1,0,0,0,0,0,0,2
Teraat Taware' Axis,418.0,354.0,0,1,1,1,0,0,0,0,0,0,3
Tereat Al Gabal St. (Al Horeyya St.),446.0,230.0,0,0,1,1,0,0,0,0,0,0,2
Tharwat Bridge (Saft El Laban),6049.0,2925.0,3,3,6,6,4,4,0,0,0,0,26
The Continental School of Cairo (Obour),322.0,258.0,1,0,0,1,0,0,0,0,0,0,2
The Egyptian Lawyers Association,19771.0,10807.0,42,42,4,4,22,22,0,0,0,0,136
The National Museum of Egyptian Civilization,445.0,217.0,2,2,2,2,1,1,0,0,0,0,10
The Platform (Maadi),3228.0,1996.0,5,5,9,9,4,4,0,0,0,0,36
The Unknown Soldier Memorial,281.0,201.0,0,14,0,0,19,19,0,0,0,0,52
Three Brothers Supermarket (Al Manial),7988.0,4272.0,5,5,8,8,2,2,0,0,0,0,30
Three Pyramids Hotel,1808.0,1132.0,4,4,4,4,3,3,1,1,0,0,24
Tiba Grand Mall (6th of October),68.0,0.0,2,0,0,0,0,0,0,0,0,0,2
Tolip (Zahraa Nasr City),5994.0,3098.0,8,8,0,2,14,14,0,0,0,0,46
Tolip Plaza (5th Settlement),992.0,368.0,3,3,0,0,0,0,0,0,0,0,6
Toman Bay St. (Heliopolis),1876.0,1120.0,3,3,0,0,5,5,0,0,0,0,16
Tomwa (Abu Al Nomros),777.0,369.0,0,0,3,3,0,0,1,0,0,0,7
Tora Prison (Autostrad),204.0,0.0,0,0,4,0,0,0,0,0,0,0,4
Tora Steps (Autostrad),368.0,0.0,0,0,7,0,0,0,0,0,0,0,7
Total (Haram Marioteya),3872.0,2052.0,4,4,0,0,3,3,1,1,0,0,16
Total Abou Al Gheit Rd.,1591.0,507.0,2,2,2,2,0,0,0,0,0,0,8
Total Gas Station (Autostrad Zahraa Al Maadi),691.0,691.0,0,0,0,7,0,0,0,0,0,0,7
Total Gas Station (Autostrad),36.0,0.0,0,0,10,0,0,0,0,0,0,0,10
Total Gas Station (Kattameya Entrance),97.0,97.0,0,4,0,0,0,0,0,0,0,0,4
Total Gas Station (Kattameya),154.0,114.0,2,2,0,2,0,0,0,0,0,0,6
Total Gas Station Bassous ( Ring Rd. ),28.0,28.0,0,1,0,0,0,0,0,0,0,0,1
Total Gas Station Bassous (Ring Rd.),538.0,326.0,1,1,5,5,0,0,1,1,0,0,14
Traffic Department ( Ain El Sira ),1763.0,1199.0,2,2,3,3,0,0,0,0,0,0,10
Traffic Licensing Complex (Shubra),3658.0,2322.0,13,13,4,4,8,8,0,0,0,0,50
Triumph Square,7602.0,4366.0,9,9,6,6,12,12,0,0,0,0,54
Twin Plaza,779.0,235.0,5,0,0,0,11,11,0,0,0,0,27
Union Housing Al Nasr (Kattameya),926.0,486.0,2,2,0,0,1,1,0,0,0,1,7
Vehicles Administration ( Salah Salem St.),492.0,252.0,0,2,1,1,0,0,0,0,0,0,4
Versay ( Waili ),1071.0,571.0,5,5,0,0,2,2,1,1,0,0,16
Victoria (Ahmed Helmy St.),557.0,109.0,1,1,4,4,0,0,0,0,0,0,10
Vitrac Square (5th Settlement),493.0,245.0,3,3,0,0,0,0,0,0,0,0,6
Vodafone (Ahmed Al Zomor),11676.0,6724.0,1,1,2,2,14,14,0,0,0,0,34
Vodafone (Imbaba),2226.0,1226.0,0,0,2,2,1,1,0,0,0,0,6
Vodafone (Zahraa Al Maadi),78.0,46.0,0,0,0,0,1,1,0,0,0,0,2
Vodafone Square,120.0,84.0,2,2,0,0,0,0,0,0,0,0,4
Wadi Al Nile Hospital (Matareya St.),2263.0,1059.0,1,1,1,1,5,5,0,0,0,0,14
Wadi Al Nile St.,4855.0,2847.0,0,4,5,5,0,0,0,0,0,0,14
Wadi Al Nile St. & 26 of July Corridor (Mit Okba),973.0,529.0,4,4,0,5,0,0,0,0,0,0,13
Wadi Al Nile St. and Nile Corniche,1610.0,778.0,0,1,4,4,0,0,0,0,0,0,9
Wadi Degla Sporting Club (6th of October),45.0,21.0,0,0,5,5,0,0,0,0,0,0,10
Wadi Degla Sporting Club (Heliopolis),222.1735721432959,158.563830056787,0,0,0,1,0,0,0,0,0,0,1
Wadi Degla Sporting Club (New Cairo),1763.0,891.0,8,8,0,0,12,12,0,0,0,0,40
Wadi Hof Metro,232.0,0.0,0,0,7,0,0,0,0,0,0,0,7
Waei Islami Hospital (Mostorod),7249.0,4885.0,3,3,4,4,5,5,0,0,0,0,24
Waha Garage (10th District Nasr City),180.0,156.0,0,0,1,1,0,0,0,0,0,0,2
Waha Hotel (Alexandria Desert Rd.),213.0,177.0,0,0,3,3,0,0,0,0,0,0,6
Warraq Al Arab,835.0,475.0,2,2,0,0,0,0,0,0,0,0,4
Wataneya Gas Station (Autostrad Maadi),712.0,648.0,5,5,9,9,0,0,0,0,0,0,28
Wataneya Gas Station (Kattameya Ring Rd.),6298.0,1422.0,8,8,5,5,0,0,0,0,1,1,28
Wataneya Gas Station (Qattameya),1455.0,1079.0,3,3,0,0,0,0,0,0,1,1,8
Water Plant 1 (Asmarat),636.0,360.0,2,2,0,0,0,0,0,0,0,0,4
Water Plant 2 (Asmarat),1638.0,1054.0,4,4,0,0,0,0,0,0,0,0,8
Water Station (Alexandria Desert Road),64.0,64.0,0,0,0,3,0,0,0,0,0,0,3
Waterway Compound,646.0,550.0,0,0,1,1,0,0,0,0,0,0,2
Wax Museum (Helwan),380.0,0.0,0,0,7,0,0,0,0,0,0,0,7
West Golf,18.0,18.0,0,2,0,0,0,0,0,0,0,0,2
West Golf (Qattameya),131.0,99.0,2,2,0,0,0,0,0,0,0,0,4
Windrose Academy,244.0,244.0,0,0,0,5,0,0,0,0,0,0,5
Wizarat District (New Administrative Capital),2148.0,1316.0,0,0,1,1,0,0,0,0,0,0,2
Wonder Land Mall (Abbas Al Akkad),681.0,397.0,0,0,0,0,6,6,0,0,0,0,12
Yathreb and Al Maadi Company St.,773.0,641.0,6,6,0,0,0,1,0,0,0,0,13
Yellow Kiosk (6th of October),2184.0,1036.0,2,2,2,0,0,0,0,0,0,0,6
Yousef Abbas St & Autostrad St.,3664.0,2340.0,14,14,8,8,25,25,0,0,0,0,94
Youth Housing (Shorouq City),254.0,78.0,1,1,0,0,0,0,0,0,0,0,2
Zahraa (Maadi),2439.0,1671.0,2,2,2,2,0,0,0,0,0,0,8
Zahraa Ain Shams,886.0,630.0,0,0,3,0,2,2,0,0,0,0,7
Zahraa Al Maadi Tunnel - Start,101.0,69.0,0,0,0,0,1,1,0,0,0,0,2
Zahraa Madinet Nasr,1292.0,1028.0,1,0,2,2,0,2,0,0,0,0,7
Zahraa Metro,4597.0,2405.0,5,5,2,2,0,1,0,0,1,1,17
Zahraa Nasr City,5533.0,2721.0,5,5,2,2,15,15,0,0,0,0,44
Zain Paint Store (Al Rawda Sheikh Zayed),65.0,5.0,1,1,0,0,0,0,0,0,0,0,2
Zaker Hussein St. & Al Tayaran St.,5626.0,4546.0,6,6,2,2,9,9,0,0,0,0,34
Zamalek Sporting Club,1289.0,505.0,4,4,5,5,0,0,0,0,0,0,18
Zamzam Specialized Hospital (Om Bayoumi),2895.0,1883.0,4,4,0,0,0,0,0,0,0,0,8
Zayed 2000,795.0,479.0,4,4,5,5,0,0,0,0,0,0,18
Zayed Boys Secondary School,21.0,9.0,1,1,0,0,0,0,0,0,0,0,2
Zenin,9173.0,4309.0,0,0,5,5,2,2,0,0,0,0,14
Zewail Rd. (Wahat Rd.),176.0,0.0,0,0,1,0,0,0,0,0,0,0,1
Zohour City (Basateen Rd.),334.0,94.0,3,3,0,0,0,0,0,0,0,0,6
